{"N": 2, "object": "二氢吡啶类CCB(药品类型)", "relation": "subclass", "subject": "马尼地平(药品化学名)"}
{"N": 2, "object": "ACEI(药品类型)", "relation": "禁忌药品", "subject": "高血钾(疾病)"}
{"N": 8, "object": "ACEI(药品类型)", "relation": "适应药品", "subject": "高血压(疾病)", "同时患有": ["透析尿毒症(疾病)", "慢性心力衰竭(疾病)"], "文本型属性": ["有残存肾功能"], "联合药物": ["B[β受体阻滞剂](药品类别)", "袢利尿剂(药品类型)"], "适应等级": ["适用"]}
{"N": 7, "object": "ARB(药品类型)", "relation": "增加药品", "subject": "高血压(疾病)", "同时患有": ["稳定性心绞痛(疾病)"], "文本型属性": ["血压控制不理想"], "正在服用": ["B[β受体阻滞剂](药品类别)"], "联合药物": ["D[利尿剂](药品类别)"], "适应等级": ["适用"]}
{"N": 3, "object": "ARB(药品类型)", "relation": "适应药品", "subject": "老年高血压(疾病)", "适应等级": ["适用"]}
{"N": 5, "object": "阿司匹林(药品化学名)", "relation": "适应药品", "subject": "高血压(疾病)", "同时患有": ["妊娠(疾病)"], "文本型属性": ["既往妊娠合并高血压"], "适应等级": ["适用"]}
{"GFR": ["GFR__>__30__ml/min*1.73/m/m"], "N": 8, "object": "非二氢吡啶类CCB(药品类型)", "relation": "适应药品", "subject": "高血压(疾病)", "同时患有": ["慢性肾病(疾病)"], "心率": ["心率__>=__75__bpm"], "联合药物": ["噻嗪类利尿剂(药品类型)"], "血肌酐": ["血肌酐__>=__265__μmol/L"], "适应等级": ["适用"]}
{"N": 2, "object": "直接血管扩张药物(药品类型)", "relation": "subclass", "subject": "乌拉地尔(药品化学名)"}
{"N": 2, "object": "α受体阻滞剂(药品类别)", "relation": "subclass", "subject": "α受体阻滞剂(药品类型)"}
{"N": 2, "object": "其他类别(药品类别)", "relation": "subclass", "subject": "中枢作用药物(药品类型)"}
{"N": 10, "object": "ARB(药品类型)", "relation": "适应药品", "subject": "高血压(疾病)", "同时患有": ["透析尿毒症(疾病)", "慢性心力衰竭(疾病)"], "文本型属性": ["有残存肾功能", "NYHA心功能III级"], "联合药物": ["B[β受体阻滞剂](药品类别)", "袢利尿剂(药品类型)", "地高辛(药品化学名)"], "适应等级": ["适用"]}
{"N": 2, "object": "CCB[钙拮抗剂](药品类别)", "relation": "subclass", "subject": "非二氢吡啶类CCB(药品类型)"}
{"N": 2, "object": "妊娠合并慢性高血压(疾病)", "relation": "相当于", "subject": "妊娠合并原发性高血压(疾病)"}
{"N": 2, "object": "视网膜病变(疾病)", "relation": "subclass", "subject": "黄斑病变(疾病)"}
{"N": 7, "object": "ACEI(药品类型)", "relation": "增加药品", "subject": "高血压(疾病)", "同时患有": ["非ST段抬高急性冠脉综合征(疾病)"], "文本型属性": ["血压控制不理想"], "正在服用": ["CCB[钙拮抗剂](药品类别)"], "联合药物": ["D[利尿剂](药品类别)"], "适应等级": ["适用"]}
{"N": 2, "object": "ARB(药品类型)", "relation": "subclass", "subject": "替米沙坦(药品化学名)"}
{"N": 6, "object": "非二氢吡啶类CCB(药品类型)", "relation": "适应药品", "subject": "高血压(疾病)", "同时患有": ["慢性肾病(疾病)"], "心率": ["心率__>=__75__bpm"], "血肌酐": ["血肌酐__>=__265__μmol/L"], "适应等级": ["适用"]}
{"N": 5, "object": "ACEI(药品类型)", "relation": "禁忌药品", "subject": "高血压(疾病)", "同时患有": ["慢性肾病(疾病)"], "文本型属性": ["血肌酐基础升高>=30%"], "正在服用": ["ACEI(药品类型)"]}
{"N": 2, "object": "ARB(药品类型)", "relation": "subclass", "subject": "阿利沙坦酯(药品化学名)"}
{"N": 5, "object": "ARB(药品类型)", "relation": "适应药品", "subject": "高血压(疾病)", "同时患有": ["慢性肾病(疾病)"], "血肌酐": ["血肌酐__<__265__μmol/L"], "适应等级": ["适用"]}
{"N": 2, "object": "噻嗪类利尿剂(药品类型)", "relation": "subclass", "subject": "吲达帕胺(药品化学名)"}
{"N": 8, "object": "噻嗪类利尿剂(药品类型)", "relation": "增加药品", "subject": "高血压(疾病)", "同时患有": ["慢性HFrEF心力衰竭(疾病)"], "文本型属性": ["血压控制不理想"], "正在服用": ["ACEI(药品类型)", "B[β受体阻滞剂](药品类别)", "醛固酮受体拮抗剂(药品类型)"], "适应等级": ["适用"]}
{"N": 4, "object": "B[β受体阻滞剂](药品类别)", "relation": "慎用药品", "subject": "高血压(疾病)", "同时患有": ["糖尿病(疾病)", "低血糖(疾病)"]}
{"N": 2, "object": "高血压(疾病)", "relation": "subclass", "subject": "原发性高血压(疾病)"}
{"N": 2, "object": "β受体阻滞剂(药品类型)", "relation": "subclass", "subject": "比索洛尔(药品化学名)"}
{"N": 4, "object": "醛固酮受体拮抗剂(药品类型)", "relation": "适应药品", "subject": "高血压(疾病)", "同时患有": ["心力衰竭(疾病)"], "适应等级": ["适用"]}
{"N": 3, "object": "硫酸镁(药品化学名)", "relation": "适应药品", "subject": "子痫(疾病)", "适应等级": ["适用"]}
{"N": 5, "object": "ACEI(药品类型)", "relation": "适应药品", "subject": "高血压(疾病)", "同时患有": ["糖尿病(疾病)"], "联合药物": ["二氢吡啶类CCB(药品类型)"], "适应等级": ["适用"]}
{"N": 2, "object": "β受体阻滞剂(药品类型)", "relation": "subclass", "subject": "普萘洛尔(药品化学名)"}
{"N": 9, "object": "ARNI(药品类型)", "relation": "适应药品", "subject": "高血压(疾病)", "同时患有": ["透析尿毒症(疾病)", "慢性心力衰竭(疾病)"], "文本型属性": ["无残存肾功能", "NYHA心功能IV级"], "联合药物": ["B[β受体阻滞剂](药品类别)", "地高辛(药品化学名)"], "适应等级": ["适用"]}
{"N": 5, "object": "襻利尿剂(药品类型)", "relation": "适应药品", "subject": "高血压(疾病)", "同时患有": ["急性心力衰竭(疾病)"], "联合药物": ["直接血管扩张药物(药品类型)"], "适应等级": ["适用"]}
{"N": 4, "object": "CCB[钙拮抗剂](药品类别)", "relation": "适应药品", "subject": "高血压(疾病)", "同时患有": ["糖尿病(疾病)"], "适应等级": ["可能适用"]}
{"DBP": ["DBP__>=__110__mmHg"], "N": 6, "object": "尼卡地平(药品化学名)", "relation": "适应药品", "subject": "高血压(疾病)", "同时患有": ["急性缺血性脑卒中(疾病)"], "联合药物": ["拉贝洛尔(药品化学名)"], "适应等级": ["适用"]}
{"N": 2, "object": "慢性肾病(疾病)", "relation": "subclass", "subject": "慢性肾病1期(疾病)"}
{"N": 4, "object": "D[利尿剂](药品类别)", "relation": "适应药品", "subject": "高血压(疾病)", "同时患有": ["肾功能不全(疾病)"], "适应等级": ["适用"]}
{"N": 2, "object": "视网膜病变(疾病)", "relation": "subclass", "subject": "视网膜脱离(疾病)"}
{"N": 4, "object": "ACEI(药品类型)", "relation": "适应药品", "subject": "高血压(疾病)", "同时患有": ["肾功能不全(疾病)"], "适应等级": ["适用"]}
{"N": 2, "object": "醛固酮受体拮抗剂(药品类型)", "relation": "subclass", "subject": "依普利酮(药品化学名)"}
{"N": 2, "object": "脑卒中(疾病)", "relation": "subclass", "subject": "急性出血性脑卒中(疾病)"}
{"N": 2, "object": "二氢吡啶类CCB(药品类型)", "relation": "subclass", "subject": "尼群地平(药品化学名)"}
{"N": 2, "object": "D[利尿剂](药品类别)", "relation": "subclass", "subject": "保钾利尿剂(药品类型)"}
{"N": 6, "object": "ACEI(药品类型)", "relation": "适应药品", "subject": "高血压(疾病)", "同时患有": ["透析尿毒症(疾病)", "慢性心力衰竭(疾病)"], "联合药物": ["B[β受体阻滞剂](药品类别)"], "适应等级": ["适用"]}
{"N": 5, "SBP": ["SBP__>=__180__mmHg"], "object": "依那普利拉(药品化学名)", "relation": "适应药品", "subject": "高血压(疾病)", "同时患有": ["妊娠(疾病)"], "适应等级": ["适用"]}
{"N": 2, "object": "直接血管扩张药物(药品类型)", "relation": "subclass", "subject": "硝普钠(药品化学名)"}
{"N": 10, "object": "ARNI(药品类型)", "relation": "适应药品", "subject": "高血压(疾病)", "同时患有": ["透析尿毒症(疾病)", "慢性心力衰竭(疾病)"], "文本型属性": ["有残存肾功能", "NYHA心功能IV级"], "联合药物": ["B[β受体阻滞剂](药品类别)", "袢利尿剂(药品类型)", "地高辛(药品化学名)"], "适应等级": ["适用"]}
{"N": 4, "object": "CCB[钙拮抗剂](药品类别)", "relation": "适应药品", "subject": "高血压(疾病)", "同时患有": ["蛋白尿(症状)"], "适应等级": ["证据不足或不适用"]}
{"N": 2, "object": "肾衰竭(疾病)", "relation": "subclass", "subject": "尿毒症(疾病)"}
{"N": 4, "object": "B[β受体阻滞剂](药品类别)", "relation": "适应药品", "subject": "高血压(疾病)", "同时患有": ["肾功能不全(疾病)"], "适应等级": ["证据不足或不适用"]}
{"N": 3, "object": "ARNI(药品类型)", "relation": "适应药品", "subject": "慢性HFrEF心力衰竭(疾病)", "适应等级": ["适用"]}
{"N": 2, "object": "二氢吡啶类CCB(药品类型)", "relation": "subclass", "subject": "硝苯地平控释片(药品化学名)"}
{"N": 4, "object": "二氢吡啶类CCB(药品类型)", "relation": "适应药品", "subject": "高血压(疾病)", "同时患有": ["冠状动脉粥样硬化(疾病)"], "适应等级": ["适用"]}
{"N": 5, "SBP": ["SBP__>=__180__mmHg"], "object": "硫酸镁(药品化学名)", "relation": "适应药品", "subject": "高血压(疾病)", "同时患有": ["妊娠(疾病)"], "适应等级": ["适用"]}
{"N": 2, "object": "视网膜病变(疾病)", "relation": "subclass", "subject": "糖尿病性视网膜病变(疾病)"}
{"N": 2, "object": "出血性脑卒中(疾病)", "relation": "相当于", "subject": "脑出血(疾病)"}
{"N": 5, "object": "B[β受体阻滞剂](药品类别)", "relation": "适应药品", "subject": "高血压(疾病)", "同时患有": ["糖尿病(疾病)", "心绞痛(疾病)"], "适应等级": ["适用"]}
{"N": 5, "SBP": ["SBP__>=__180__mmHg"], "object": "酚妥拉明(药品化学名)", "relation": "适应药品", "subject": "高血压(疾病)", "同时患有": ["妊娠(疾病)"], "适应等级": ["适用"]}
{"N": 2, "object": "非二氢吡啶类CCB(药品类型)", "relation": "subclass", "subject": "地尔硫䓬胶囊(药品化学名)"}
{"N": 2, "object": "急性冠脉综合征(疾病)", "relation": "subclass", "subject": "ST段抬高型心肌梗死(疾病)"}
{"N": 2, "object": "B[β受体阻滞剂](药品类别)", "relation": "禁忌药品", "subject": "哮喘(疾病)"}
{"N": 4, "object": "二氢吡啶类CCB(药品类型)", "relation": "适应药品", "subject": "高血压(疾病)", "同时患有": ["周围血管病(疾病)"], "适应等级": ["适用"]}
{"N": 6, "object": "ARB(药品类型)", "relation": "适应药品", "subject": "高血压(疾病)", "同时患有": ["慢性HFpEF心力衰竭(疾病)"], "联合药物": ["B[β受体阻滞剂](药品类别)", "醛固酮受体拮抗剂(药品类型)"], "适应等级": ["适用"]}
{"N": 4, "object": "ARB(药品类型)", "relation": "适应药品", "subject": "高血压(疾病)", "同时患有": ["肾功能不全(疾病)"], "适应等级": ["适用"]}
{"N": 4, "object": "B[β受体阻滞剂](药品类别)", "relation": "适应药品", "subject": "高血压(疾病)", "同时患有": ["稳定性心绞痛(疾病)"], "适应等级": ["适用"]}
{"N": 3, "object": "高血压(疾病)", "relation": "相当于", "subject": "先兆子痫(疾病)", "同时患有": ["妊娠(疾病)"]}
{"N": 2, "object": "噻嗪类利尿剂(药品类型)", "relation": "subclass", "subject": "吲哒帕胺缓释片(药品化学名)"}
{"N": 3, "object": "高血压(疾病)", "relation": "相当于", "subject": "子痫前期(疾病)", "同时患有": ["妊娠(疾病)"]}
{"N": 8, "object": "襻利尿剂(药品类型)", "relation": "增加药品", "subject": "高血压(疾病)", "同时患有": ["慢性HFrEF心力衰竭(疾病)"], "文本型属性": ["血压控制不理想"], "正在服用": ["ARNI(药品类型)", "B[β受体阻滞剂](药品类别)", "醛固酮受体拮抗剂(药品类型)"], "适应等级": ["适用"]}
{"N": 6, "object": "二氢吡啶类CCB(药品类型)", "relation": "适应药品", "subject": "高血压(疾病)", "同时患有": ["慢性肾病(疾病)"], "联合药物": ["α受体阻滞剂(药品类别)"], "血肌酐": ["血肌酐__>=__265__μmol/L"], "适应等级": ["适用"]}
{"GFR": ["GFR__<=__30__ml/min*1.73/m/m"], "N": 6, "object": "襻利尿剂(药品类型)", "relation": "适应药品", "subject": "高血压(疾病)", "同时患有": ["慢性肾病(疾病)"], "血肌酐": ["血肌酐__>=__265__μmol/L"], "适应等级": ["适用"]}
{"N": 2, "object": "ACEI(药品类型)", "relation": "subclass", "subject": "雷米普利(药品化学名)"}
{"N": 2, "object": "ACEI(药品类型)", "relation": "subclass", "subject": "福辛普利(药品化学名)"}
{"N": 2, "object": "二氢吡啶类CCB(药品类型)", "relation": "subclass", "subject": "硝苯地平缓释片(药品化学名)"}
{"N": 2, "object": "二氢吡啶类CCB(药品类型)", "relation": "subclass", "subject": "左旋氨氯地平(药品化学名)"}
{"N": 3, "object": "ARB(药品类型)", "relation": "适应药品", "subject": "高血压(疾病)", "适应等级": ["证据不足或不适用"]}
{"N": 2, "object": "D[利尿剂](药品类别)", "relation": "subclass", "subject": "襻利尿剂(药品类型)"}
{"N": 2, "object": "ARB(药品类型)", "relation": "subclass", "subject": "缬沙坦(药品化学名)"}
{"N": 4, "object": "ACEI(药品类型)", "relation": "适应药品", "subject": "高血压(疾病)", "同时患有": ["左心室肥厚(症状)"], "适应等级": ["适用"]}
{"N": 2, "object": "CCB[钙拮抗剂](药品类别)", "relation": "subclass", "subject": "二氢吡啶类CCB(药品类型)"}
{"N": 4, "object": "B[β受体阻滞剂](药品类别)", "relation": "适应药品", "subject": "高血压(疾病)", "同时患有": ["心力衰竭(疾病)"], "适应等级": ["适用"]}
{"N": 2, "object": "不稳定型心绞痛(疾病)", "relation": "相当于", "subject": "不稳定性心绞痛(疾病)"}
{"N": 2, "object": "醛固酮受体拮抗剂(药品类型)", "relation": "subclass", "subject": "螺内酯(药品化学名)"}
{"N": 2, "object": "其他类型(药品类型)", "relation": "subclass", "subject": "未收录化学名(药品化学名)"}
{"N": 8, "object": "氨氯地平(药品化学名)", "relation": "增加药品", "subject": "高血压(疾病)", "同时患有": ["慢性HFpEF心力衰竭(疾病)"], "文本型属性": ["血压控制不理想"], "正在服用": ["ACEI(药品类型)", "B[β受体阻滞剂](药品类别)", "醛固酮受体拮抗剂(药品类型)"], "适应等级": ["适用"]}
{"N": 2, "object": "ACEI(药品类型)", "relation": "subclass", "subject": "西拉普利(药品化学名)"}
{"N": 4, "object": "CCB[钙拮抗剂](药品类别)", "relation": "适应药品", "subject": "高血压(疾病)", "同时患有": ["肾功能不全(疾病)"], "适应等级": ["可能适用"]}
{"N": 4, "object": "CCB[钙拮抗剂](药品类别)", "relation": "适应药品", "subject": "高血压(疾病)", "同时患有": ["脑血管病(疾病)"], "适应等级": ["适用"]}
{"N": 4, "object": "B[β受体阻滞剂](药品类别)", "relation": "适应药品", "subject": "高血压(疾病)", "同时患有": ["稳定性心绞痛(疾病)"], "适应等级": ["适用"]}
{"N": 2, "object": "α-β受体阻滞剂(药品类型)", "relation": "subclass", "subject": "阿罗洛尔(药品化学名)"}
{"N": 2, "object": "冠心病(疾病)", "relation": "相当于", "subject": "冠状动脉粥样硬化性心脏病(疾病)"}
{"N": 8, "object": "襻利尿剂(药品类型)", "relation": "增加药品", "subject": "高血压(疾病)", "同时患有": ["慢性HFrEF心力衰竭(疾病)"], "文本型属性": ["血压控制不理想"], "正在服用": ["ACEI(药品类型)", "B[β受体阻滞剂](药品类别)", "醛固酮受体拮抗剂(药品类型)"], "适应等级": ["适用"]}
{"N": 2, "object": "透析尿毒症(疾病)", "relation": "subclass", "subject": "腹膜透析(疾病)"}
{"N": 4, "object": "ARB(药品类型)", "relation": "适应药品", "subject": "高血压(疾病)", "同时患有": ["稳定性心绞痛(疾病)"], "适应等级": ["适用"]}
{"N": 2, "object": "β受体阻滞剂(药品类型)", "relation": "subclass", "subject": "美托洛尔缓释片(药品化学名)"}
{"N": 5, "object": "二氢吡啶类CCB(药品类型)", "relation": "适应药品", "subject": "高血压(疾病)", "同时患有": ["慢性肾病(疾病)"], "血肌酐": ["血肌酐__>=__3__mg/dl"], "适应等级": ["适用"]}
{"N": 5, "object": "B[β受体阻滞剂](药品类别)", "relation": "适应药品", "subject": "高血压(疾病)", "同时患有": ["ST段抬高型心肌梗死(疾病)"], "联合药物": ["ARB(药品类型)"], "适应等级": ["适用"]}
{"N": 5, "object": "ARB(药品类型)", "relation": "适应药品", "subject": "高血压(疾病)", "同时患有": ["糖尿病(疾病)"], "联合药物": ["二氢吡啶类CCB(药品类型)"], "适应等级": ["适用"]}
{"N": 3, "object": "高血压(疾病)", "relation": "相当于", "subject": "肾血管性高血压(疾病)", "同时患有": ["慢性肾病(疾病)"]}
{"N": 4, "object": "CCB[钙拮抗剂](药品类别)", "relation": "适应药品", "subject": "高血压(疾病)", "同时患有": ["非ST段抬高急性冠脉综合征(疾病)"], "适应等级": ["适用"]}
{"N": 4, "object": "CCB[钙拮抗剂](药品类别)", "relation": "适应药品", "subject": "高血压(疾病)", "文本型属性": ["围术期"], "适应等级": ["适用"]}
{"DBP": ["DBP__>=__110__mmHg"], "N": 5, "object": "尼卡地平(药品化学名)", "relation": "适应药品", "subject": "高血压(疾病)", "同时患有": ["急性缺血性脑卒中(疾病)"], "适应等级": ["适用"]}
{"N": 5, "object": "拉贝洛尔(药品化学名)", "relation": "适应药品", "subject": "高血压(疾病)", "同时患有": ["急性缺血性脑卒中(疾病)"], "文本型属性": ["卒中后24h内"], "适应等级": ["适用"]}
{"N": 2, "object": "其他类别(药品类别)", "relation": "subclass", "subject": "静脉降压药物(药品类型)"}
{"N": 2, "object": "噻嗪类利尿剂(药品类型)", "relation": "禁忌药品", "subject": "痛风(疾病)"}
{"N": 5, "object": "二氢吡啶类CCB(药品类型)", "relation": "适应药品", "subject": "高血压(疾病)", "同时患有": ["稳定性心绞痛(疾病)"], "心率": ["心率__<__75__bpm"], "适应等级": ["适用"]}
{"N": 4, "object": "CCB[钙拮抗剂](药品类别)", "relation": "适应药品", "subject": "高血压(疾病)", "同时患有": ["左心室肥厚(症状)"], "适应等级": ["适用"]}
{"N": 5, "object": "阿司匹林(药品化学名)", "relation": "适应药品", "subject": "高血压(疾病)", "同时患有": ["妊娠(疾病)"], "文本型属性": ["既往妊娠合并糖尿病"], "适应等级": ["适用"]}
{"N": 2, "object": "特殊人群高血压(疾病)", "relation": "subclass", "subject": "高血压急症(疾病)"}
{"N": 6, "object": "ARB(药品类型)", "relation": "适应药品", "subject": "高血压(疾病)", "同时患有": ["慢性HFrEF心力衰竭(疾病)"], "联合药物": ["B[β受体阻滞剂](药品类别)", "醛固酮受体拮抗剂(药品类型)"], "适应等级": ["适用"]}
{"N": 5, "object": "尼卡地平(药品化学名)", "relation": "适应药品", "subject": "高血压(疾病)", "同时患有": ["急性缺血性脑卒中(疾病)", "主动脉夹层(疾病)"], "适应等级": ["适用"]}
{"N": 2, "object": "特殊人群高血压(疾病)", "relation": "subclass", "subject": "高血压性心脏病(疾病)"}
{"N": 2, "object": "非二氢吡啶类CCB(药品类型)", "relation": "subclass", "subject": "维拉帕米缓释片(药品化学名)"}
{"N": 2, "object": "稳定性心绞痛(疾病)", "relation": "相当于", "subject": "稳定型冠心病(疾病)"}
{"N": 5, "object": "阿司匹林(药品化学名)", "relation": "适应药品", "subject": "高血压(疾病)", "同时患有": ["妊娠(疾病)"], "文本型属性": ["多胎妊娠"], "适应等级": ["适用"]}
{"N": 2, "object": "急性缺血性脑卒中(疾病)", "relation": "subclass", "subject": "短暂性脑缺血发作(疾病)"}
{"N": 4, "object": "α受体阻滞剂(药品类别)", "relation": "适应药品", "subject": "高血压(疾病)", "同时患有": ["前列腺增生(疾病)"], "适应等级": ["适用"]}
{"N": 6, "object": "二氢吡啶类CCB(药品类型)", "relation": "适应药品", "subject": "高血压(疾病)", "同时患有": ["慢性肾病(疾病)"], "联合药物": ["α受体阻滞剂(药品类别)"], "血肌酐": ["血肌酐__>=__3__mg/dl"], "适应等级": ["适用"]}
{"N": 8, "object": "非洛地平(药品化学名)", "relation": "增加药品", "subject": "高血压(疾病)", "同时患有": ["慢性HFpEF心力衰竭(疾病)"], "文本型属性": ["血压控制不理想"], "正在服用": ["ACEI(药品类型)", "B[β受体阻滞剂](药品类别)", "醛固酮受体拮抗剂(药品类型)"], "适应等级": ["适用"]}
{"N": 2, "object": "ARB(药品类型)", "relation": "禁忌药品", "subject": "高血钾(疾病)"}
{"N": 2, "object": "中枢作用药物(药品类型)", "relation": "subclass", "subject": "可乐定(药品化学名)"}
{"N": 6, "object": "尼卡地平(药品化学名)", "relation": "适应药品", "subject": "高血压(疾病)", "同时患有": ["急性缺血性脑卒中(疾病)", "主动脉夹层(疾病)"], "联合药物": ["拉贝洛尔(药品化学名)"], "适应等级": ["适用"]}
{"N": 5, "object": "拉贝洛尔(药品化学名)", "relation": "适应药品", "subject": "高血压(疾病)", "同时患有": ["急性缺血性脑卒中(疾病)", "主动脉夹层(疾病)"], "适应等级": ["适用"]}
{"N": 2, "object": "中枢作用药物(药品类型)", "relation": "subclass", "subject": "利血平(药品化学名)"}
{"DBP": ["DBP__>=__120__mmHg"], "N": 5, "object": "肼苯哒嗪(药品化学名)", "relation": "适应药品", "subject": "高血压(疾病)", "同时患有": ["妊娠(疾病)"], "适应等级": ["适用"]}
{"N": 4, "object": "D[利尿剂](药品类别)", "relation": "适应药品", "subject": "高血压(疾病)", "同时患有": ["心肌梗死后(疾病)"], "适应等级": ["适用"]}
{"N": 4, "object": "ACEI(药品类型)", "relation": "适应药品", "subject": "高血压(疾病)", "同时患有": ["代谢综合征(疾病)"], "适应等级": ["适用"]}
{"DBP": ["DBP__>=__120__mmHg"], "N": 5, "object": "硝普钠(药品化学名)", "relation": "适应药品", "subject": "高血压(疾病)", "同时患有": ["妊娠(疾病)"], "适应等级": ["适用"]}
{"N": 4, "object": "B[β受体阻滞剂](药品类别)", "relation": "适应药品", "subject": "高血压(疾病)", "同时患有": ["心肌梗死后(疾病)"], "适应等级": ["适用"]}
{"N": 4, "object": "B[β受体阻滞剂](药品类别)", "relation": "适应药品", "subject": "高血压(疾病)", "文本型属性": ["心房颤动预防"], "适应等级": ["证据不足或不适用"]}
{"N": 2, "object": "二氢吡啶类CCB(药品类型)", "relation": "subclass", "subject": "硝苯地平(药品化学名)"}
{"N": 9, "object": "ARB(药品类型)", "relation": "适应药品", "subject": "高血压(疾病)", "同时患有": ["透析尿毒症(疾病)", "慢性心力衰竭(疾病)"], "文本型属性": ["无残存肾功能", "NYHA心功能IV级"], "联合药物": ["B[β受体阻滞剂](药品类别)", "地高辛(药品化学名)"], "适应等级": ["适用"]}
{"N": 3, "object": "ACEI(药品类型)", "relation": "禁忌药品", "subject": "高血压(疾病)", "同时患有": ["妊娠(疾病)"]}
{"N": 2, "object": "心力衰竭(疾病)", "relation": "subclass", "subject": "慢性心力衰竭(疾病)"}
{"N": 2, "object": "继发性高血压(疾病)", "relation": "subclass", "subject": "肾实质性高血压(疾病)"}
{"N": 6, "object": "ARNI(药品类型)", "relation": "适应药品", "subject": "高血压(疾病)", "同时患有": ["慢性HFrEF心力衰竭(疾病)"], "联合药物": ["B[β受体阻滞剂](药品类别)", "醛固酮受体拮抗剂(药品类型)"], "适应等级": ["适用"]}
{"N": 4, "object": "ACEI(药品类型)", "relation": "适应药品", "subject": "高血压(疾病)", "同时患有": ["冠心病(疾病)"], "适应等级": ["适用"]}
{"BMI": ["BMI__>__35__kg/m/m"], "N": 5, "object": "阿司匹林(药品化学名)", "relation": "适应药品", "subject": "高血压(疾病)", "同时患有": ["妊娠(疾病)"], "适应等级": ["适用"]}
{"N": 5, "SBP": ["SBP__>=__180__mmHg"], "object": "地尔硫卓(药品化学名)", "relation": "适应药品", "subject": "高血压(疾病)", "同时患有": ["妊娠(疾病)"], "适应等级": ["适用"]}
{"N": 2, "object": "急性冠脉综合征(疾病)", "relation": "subclass", "subject": "非ST段抬高急性冠脉综合征(疾病)"}
{"N": 3, "object": "α受体阻滞剂(药品类别)", "relation": "慎用药品", "subject": "高血压(疾病)", "同时患有": ["慢性HFpEF心力衰竭(疾病)"]}
{"N": 9, "object": "ARB(药品类型)", "relation": "适应药品", "subject": "高血压(疾病)", "同时患有": ["透析尿毒症(疾病)", "慢性心力衰竭(疾病)"], "文本型属性": ["无残存肾功能", "NYHA心功能III级"], "联合药物": ["B[β受体阻滞剂](药品类别)", "地高辛(药品化学名)"], "适应等级": ["适用"]}
{"N": 2, "object": "α受体阻滞剂(药品类别)", "relation": "禁忌药品", "subject": "心力衰竭(疾病)"}
{"N": 2, "object": "黄斑病变(疾病)", "relation": "subclass", "subject": "老年黄斑变性(疾病)"}
{"N": 6, "object": "B[β受体阻滞剂](药品类别)", "relation": "适应药品", "subject": "高血压(疾病)", "同时患有": ["慢性肾病(疾病)"], "心率": ["心率__>=__75__bpm"], "血肌酐": ["血肌酐__>=__265__μmol/L"], "适应等级": ["适用"]}
{"GFR": ["GFR__<=__30__ml/min*1.73/m/m"], "N": 8, "object": "非二氢吡啶类CCB(药品类型)", "relation": "适应药品", "subject": "高血压(疾病)", "同时患有": ["慢性肾病(疾病)"], "心率": ["心率__>=__75__bpm"], "联合药物": ["襻利尿剂(药品类型)"], "血肌酐": ["血肌酐__>=__3__mg/dl"], "适应等级": ["适用"]}
{"N": 4, "object": "ACEI(药品类型)", "relation": "适应药品", "subject": "高血压(疾病)", "同时患有": ["稳定性心绞痛(疾病)"], "适应等级": ["适用"]}
{"N": 3, "object": "ARB(药品类型)", "relation": "禁忌药品", "subject": "高血压(疾病)", "同时患有": ["妊娠(疾病)"]}
{"LVEF": ["LVEF__<=__45__%"], "N": 9, "object": "ACEI(药品类型)", "relation": "适应药品", "subject": "高血压(疾病)", "同时患有": ["透析尿毒症(疾病)", "慢性心力衰竭(疾病)"], "文本型属性": ["无残存肾功能"], "联合药物": ["B[β受体阻滞剂](药品类别)", "地高辛(药品化学名)"], "适应等级": ["适用"]}
{"N": 9, "object": "氨氯地平(药品化学名)", "relation": "增加药品", "subject": "高血压(疾病)", "同时患有": ["慢性HFrEF心力衰竭(疾病)"], "文本型属性": ["血压控制不理想"], "正在服用": ["ACEI(药品类型)", "B[β受体阻滞剂](药品类别)", "醛固酮受体拮抗剂(药品类型)", "噻嗪类利尿剂(药品类型)"], "适应等级": ["适用"]}
{"DBP": ["DBP__>=__120__mmHg"], "N": 5, "object": "艾司洛尔(药品化学名)", "relation": "适应药品", "subject": "高血压(疾病)", "同时患有": ["妊娠(疾病)"], "适应等级": ["适用"]}
{"N": 2, "object": "冠心病(疾病)", "relation": "subclass", "subject": "急性冠脉综合征(疾病)"}
{"N": 2, "object": "B[β受体阻滞剂](药品类别)", "relation": "subclass", "subject": "β受体阻滞剂(药品类型)"}
{"N": 6, "object": "尼卡地平(药品化学名)", "relation": "适应药品", "subject": "高血压(疾病)", "同时患有": ["急性缺血性脑卒中(疾病)", "高血压脑病(疾病)"], "联合药物": ["拉贝洛尔(药品化学名)"], "适应等级": ["适用"]}
{"N": 2, "object": "二氢吡啶类CCB(药品类型)", "relation": "subclass", "subject": "非洛地平缓释片(药品化学名)"}
{"LVEF": ["LVEF__<=__45__%"], "N": 10, "object": "ARNI(药品类型)", "relation": "适应药品", "subject": "高血压(疾病)", "同时患有": ["透析尿毒症(疾病)", "慢性心力衰竭(疾病)"], "文本型属性": ["有残存肾功能"], "联合药物": ["B[β受体阻滞剂](药品类别)", "袢利尿剂(药品类型)", "地高辛(药品化学名)"], "适应等级": ["适用"]}
{"N": 2, "object": "二氢吡啶类CCB(药品类型)", "relation": "subclass", "subject": "非洛地平(药品化学名)"}
{"N": 4, "object": "ARB(药品类型)", "relation": "适应药品", "subject": "高血压(疾病)", "同时患有": ["颈动脉硬化(疾病)"], "适应等级": ["可能适用"]}
{"N": 2, "object": "噻嗪类利尿剂(药品类型)", "relation": "subclass", "subject": "氯噻酮(药品化学名)"}
{"N": 8, "object": "CCB[钙拮抗剂](药品类别)", "relation": "增加药品", "subject": "高血压(疾病)", "同时患有": ["ST段抬高型心肌梗死(疾病)"], "文本型属性": ["血压控制不理想"], "正在服用": ["B[β受体阻滞剂](药品类别)", "ARB(药品类型)"], "联合药物": ["D[利尿剂](药品类别)"], "适应等级": ["适用"]}
{"N": 7, "object": "二氢吡啶类CCB(药品类型)", "relation": "适应药品", "subject": "高血压(疾病)", "同时患有": ["慢性肾病(疾病)"], "心率": ["心率__>=__75__bpm"], "联合药物": ["B[β受体阻滞剂](药品类别)"], "血肌酐": ["血肌酐__>=__3__mg/dl"], "适应等级": ["适用"]}
{"N": 2, "object": "非二氢吡啶类CCB(药品类型)", "relation": "禁忌药品", "subject": "心力衰竭(疾病)"}
{"N": 2, "object": "非ST段抬高急性冠脉综合征(疾病)", "relation": "subclass", "subject": "不稳定型心绞痛(疾病)"}
{"N": 4, "object": "ACEI(药品类型)", "relation": "适应药品", "subject": "高血压(疾病)", "同时患有": ["左心室功能不全(疾病)"], "适应等级": ["适用"]}
{"GFR": ["GFR__<=__30__ml/min*1.73/m/m"], "N": 7, "object": "α受体阻滞剂(药品类别)", "relation": "适应药品", "subject": "高血压(疾病)", "同时患有": ["慢性肾病(疾病)"], "联合药物": ["襻利尿剂(药品类型)"], "血肌酐": ["血肌酐__>=__3__mg/dl"], "适应等级": ["适用"]}
{"N": 4, "object": "B[β受体阻滞剂](药品类别)", "relation": "适应药品", "subject": "高血压(疾病)", "同时患有": ["蛋白尿(症状)"], "适应等级": ["证据不足或不适用"]}
{"N": 4, "object": "硝苯地平(药品化学名)", "relation": "适应药品", "subject": "高血压(疾病)", "同时患有": ["妊娠(疾病)"], "适应等级": ["适用"]}
{"N": 10, "object": "ACEI(药品类型)", "relation": "适应药品", "subject": "高血压(疾病)", "同时患有": ["透析尿毒症(疾病)", "慢性心力衰竭(疾病)"], "文本型属性": ["有残存肾功能", "NYHA心功能II级"], "联合药物": ["B[β受体阻滞剂](药品类别)", "袢利尿剂(药品类型)", "地高辛(药品化学名)"], "适应等级": ["适用"]}
{"N": 2, "object": "ACEI(药品类型)", "relation": "subclass", "subject": "赖诺普利(药品化学名)"}
{"N": 2, "object": "ACEI(药品类型)", "relation": "禁忌药品", "subject": "双侧肾动脉狭窄(疾病)"}
{"N": 6, "object": "尼卡地平(药品化学名)", "relation": "适应药品", "subject": "高血压(疾病)", "同时患有": ["急性缺血性脑卒中(疾病)", "心功能不全(疾病)"], "联合药物": ["拉贝洛尔(药品化学名)"], "适应等级": ["适用"]}
{"N": 6, "SBP": ["SBP__>=__200__mmHg"], "object": "尼卡地平(药品化学名)", "relation": "适应药品", "subject": "高血压(疾病)", "同时患有": ["急性缺血性脑卒中(疾病)"], "联合药物": ["拉贝洛尔(药品化学名)"], "适应等级": ["适用"]}
{"N": 2, "object": "B[β受体阻滞剂](药品类别)", "relation": "禁忌药品", "subject": "糖耐量减低(疾病)"}
{"N": 2, "object": "非二氢吡啶类CCB(药品类型)", "relation": "subclass", "subject": "维拉帕米(药品化学名)"}
{"GFR": ["GFR__>__30__ml/min*1.73/m/m"], "N": 7, "object": "α受体阻滞剂(药品类别)", "relation": "适应药品", "subject": "高血压(疾病)", "同时患有": ["慢性肾病(疾病)"], "联合药物": ["噻嗪类利尿剂(药品类型)"], "血肌酐": ["血肌酐__>=__265__μmol/L"], "适应等级": ["适用"]}
{"N": 4, "object": "ACEI(药品类型)", "relation": "适应药品", "subject": "高血压(疾病)", "同时患有": ["脑血管病(疾病)"], "适应等级": ["适用"]}
{"N": 8, "object": "噻嗪类利尿剂(药品类型)", "relation": "增加药品", "subject": "高血压(疾病)", "同时患有": ["慢性HFrEF心力衰竭(疾病)"], "文本型属性": ["血压控制不理想"], "正在服用": ["ARB(药品类型)", "B[β受体阻滞剂](药品类别)", "醛固酮受体拮抗剂(药品类型)"], "适应等级": ["适用"]}
{"N": 4, "object": "ACEI(药品类型)", "relation": "适应药品", "subject": "高血压(疾病)", "同时患有": ["糖尿病肾病(疾病)"], "适应等级": ["适用"]}
{"N": 9, "object": "ARNI(药品类型)", "relation": "适应药品", "subject": "高血压(疾病)", "同时患有": ["透析尿毒症(疾病)", "慢性心力衰竭(疾病)"], "文本型属性": ["无残存肾功能", "NYHA心功能II级"], "联合药物": ["B[β受体阻滞剂](药品类别)", "地高辛(药品化学名)"], "适应等级": ["适用"]}
{"N": 5, "object": "拉贝洛尔(药品化学名)", "relation": "适应药品", "subject": "高血压(疾病)", "同时患有": ["急性缺血性脑卒中(疾病)", "心功能不全(疾病)"], "适应等级": ["适用"]}
{"N": 3, "object": "D[利尿剂](药品类别)", "relation": "适应药品", "subject": "老年高血压(疾病)", "适应等级": ["适用"]}
{"N": 10, "object": "ARB(药品类型)", "relation": "适应药品", "subject": "高血压(疾病)", "同时患有": ["透析尿毒症(疾病)", "慢性心力衰竭(疾病)"], "文本型属性": ["有残存肾功能", "NYHA心功能II级"], "联合药物": ["B[β受体阻滞剂](药品类别)", "袢利尿剂(药品类型)", "地高辛(药品化学名)"], "适应等级": ["适用"]}
{"N": 5, "object": "尼卡地平(药品化学名)", "relation": "适应药品", "subject": "高血压(疾病)", "同时患有": ["急性缺血性脑卒中(疾病)"], "文本型属性": ["卒中后24h内"], "适应等级": ["适用"]}
{"DBP": ["DBP__>=__120__mmHg"], "N": 5, "object": "依那普利拉(药品化学名)", "relation": "适应药品", "subject": "高血压(疾病)", "同时患有": ["妊娠(疾病)"], "适应等级": ["适用"]}
{"N": 4, "object": "B[β受体阻滞剂](药品类别)", "relation": "适应药品", "subject": "高血压(疾病)", "同时患有": ["左心室肥厚(症状)"], "适应等级": ["可能适用"]}
{"N": 8, "object": "氨氯地平(药品化学名)", "relation": "增加药品", "subject": "高血压(疾病)", "同时患有": ["慢性HFpEF心力衰竭(疾病)"], "文本型属性": ["血压控制不理想"], "正在服用": ["ARNI(药品类型)", "B[β受体阻滞剂](药品类别)", "醛固酮受体拮抗剂(药品类型)"], "适应等级": ["适用"]}
{"GFR": ["GFR__<=__30__ml/min*1.73/m/m"], "N": 8, "object": "B[β受体阻滞剂](药品类别)", "relation": "适应药品", "subject": "高血压(疾病)", "同时患有": ["慢性肾病(疾病)"], "心率": ["心率__>=__75__bpm"], "联合药物": ["襻利尿剂(药品类型)"], "血肌酐": ["血肌酐__>=__3__mg/dl"], "适应等级": ["适用"]}
{"N": 7, "object": "二氢吡啶类CCB(药品类型)", "relation": "适应药品", "subject": "高血压(疾病)", "同时患有": ["慢性肾病(疾病)"], "心率": ["心率__>=__75__bpm"], "联合药物": ["B[β受体阻滞剂](药品类别)"], "血肌酐": ["血肌酐__>=__265__μmol/L"], "适应等级": ["适用"]}
{"N": 4, "object": "ACEI(药品类型)", "relation": "适应药品", "subject": "高血压(疾病)", "文本型属性": ["心房颤动预防"], "适应等级": ["适用"]}
{"DBP": ["DBP__>=__120__mmHg"], "N": 5, "object": "硫酸镁(药品化学名)", "relation": "适应药品", "subject": "高血压(疾病)", "同时患有": ["妊娠(疾病)"], "适应等级": ["适用"]}
{"N": 2, "object": "直接血管扩张药物(药品类型)", "relation": "subclass", "subject": "米诺地尔(药品化学名)"}
{"N": 4, "object": "B[β受体阻滞剂](药品类别)", "relation": "适应药品", "subject": "高血压(疾病)", "同时患有": ["糖尿病(疾病)"], "适应等级": ["证据不足或不适用"]}
{"N": 4, "object": "ARB(药品类型)", "relation": "适应药品", "subject": "高血压(疾病)", "同时患有": ["冠心病(疾病)"], "适应等级": ["适用"]}
{"N": 6, "object": "B[β受体阻滞剂](药品类别)", "relation": "适应药品", "subject": "高血压(疾病)", "同时患有": ["慢性肾病(疾病)"], "心率": ["心率__>=__75__bpm"], "血肌酐": ["血肌酐__>=__3__mg/dl"], "适应等级": ["适用"]}
{"N": 9, "object": "非洛地平(药品化学名)", "relation": "增加药品", "subject": "高血压(疾病)", "同时患有": ["慢性HFrEF心力衰竭(疾病)"], "文本型属性": ["血压控制不理想"], "正在服用": ["ACEI(药品类型)", "B[β受体阻滞剂](药品类别)", "醛固酮受体拮抗剂(药品类型)", "噻嗪类利尿剂(药品类型)"], "适应等级": ["适用"]}
{"N": 2, "object": "β受体阻滞剂(药品类型)", "relation": "subclass", "subject": "阿替洛尔(药品化学名)"}
{"N": 2, "object": "二氢吡啶类CCB(药品类型)", "relation": "subclass", "subject": "拉西地平(药品化学名)"}
{"N": 4, "object": "ARB(药品类型)", "relation": "适应药品", "subject": "高血压(疾病)", "同时患有": ["血脂异常(疾病)"], "适应等级": ["适用"]}
{"N": 2, "object": "噻嗪类利尿剂(药品类型)", "relation": "subclass", "subject": "氢氯噻嗪(药品化学名)"}
{"N": 3, "object": "高血压(疾病)", "relation": "相当于", "subject": "慢性高血压并发子痫前期(疾病)", "同时患有": ["妊娠(疾病)"]}
{"N": 2, "object": "A[RAS抑制剂](药品类别)", "relation": "subclass", "subject": "ACEI(药品类型)"}
{"N": 3, "object": "B[β受体阻滞剂](药品类别)", "relation": "适应药品", "subject": "高血压(疾病)", "适应等级": ["证据不足或不适用"]}
{"N": 3, "object": "D[利尿剂](药品类别)", "relation": "适应药品", "subject": "高血压(疾病)", "适应等级": ["证据不足或不适用"]}
{"N": 2, "object": "非ST段抬高急性冠脉综合征(疾病)", "relation": "subclass", "subject": "非ST段抬高型心肌梗死(疾病)"}
{"N": 4, "object": "CCB[钙拮抗剂](药品类别)", "relation": "适应药品", "subject": "高血压(疾病)", "同时患有": ["颈动脉硬化(疾病)"], "适应等级": ["适用"]}
{"N": 2, "object": "α受体阻滞剂(药品类型)", "relation": "subclass", "subject": "特拉唑嗪(药品化学名)"}
{"N": 5, "SBP": ["SBP__>=__180__mmHg"], "object": "肼苯哒嗪(药品化学名)", "relation": "适应药品", "subject": "高血压(疾病)", "同时患有": ["妊娠(疾病)"], "适应等级": ["适用"]}
{"N": 2, "object": "ACEI(药品类型)", "relation": "subclass", "subject": "培哚普利(药品化学名)"}
{"N": 2, "object": "D[利尿剂](药品类别)", "relation": "subclass", "subject": "袢利尿剂(药品类型)"}
{"N": 5, "object": "ACEI(药品类型)", "relation": "禁忌药品", "subject": "高血压(疾病)", "同时患有": ["慢性肾病(疾病)"], "文本型属性": ["血肌酐基础升高>=30%"], "正在服用": ["ARB(药品类型)"]}
{"N": 2, "object": "襻利尿剂(药品类型)", "relation": "subclass", "subject": "托拉塞米(药品化学名)"}
{"N": 8, "object": "非洛地平(药品化学名)", "relation": "增加药品", "subject": "高血压(疾病)", "同时患有": ["慢性HFpEF心力衰竭(疾病)"], "文本型属性": ["血压控制不理想"], "正在服用": ["ARNI(药品类型)", "B[β受体阻滞剂](药品类别)", "醛固酮受体拮抗剂(药品类型)"], "适应等级": ["适用"]}
{"N": 7, "object": "ARB(药品类型)", "relation": "增加药品", "subject": "高血压(疾病)", "同时患有": ["非ST段抬高急性冠脉综合征(疾病)"], "文本型属性": ["血压控制不理想"], "正在服用": ["CCB[钙拮抗剂](药品类别)"], "联合药物": ["D[利尿剂](药品类别)"], "适应等级": ["适用"]}
{"N": 2, "object": "高血压(疾病)", "relation": "subclass", "subject": "继发性高血压(疾病)"}
{"N": 5, "SBP": ["SBP__>=__180__mmHg"], "object": "诺多泮(药品化学名)", "relation": "适应药品", "subject": "高血压(疾病)", "同时患有": ["妊娠(疾病)"], "适应等级": ["适用"]}
{"DBP": ["DBP__>=__120__mmHg"], "N": 5, "object": "地尔硫卓(药品化学名)", "relation": "适应药品", "subject": "高血压(疾病)", "同时患有": ["妊娠(疾病)"], "适应等级": ["适用"]}
{"N": 2, "object": "α受体阻滞剂(药品类型)", "relation": "subclass", "subject": "多沙唑嗪(药品化学名)"}
{"N": 4, "object": "甲基多巴(药品化学名)", "relation": "适应药品", "subject": "高血压(疾病)", "同时患有": ["妊娠(疾病)"], "适应等级": ["适用"]}
{"N": 2, "object": "醛固酮受体拮抗剂(药品类型)", "relation": "禁忌药品", "subject": "肾衰竭(疾病)"}
{"N": 4, "object": "D[利尿剂](药品类别)", "relation": "适应药品", "subject": "高血压(疾病)", "同时患有": ["微量白蛋白尿(症状)"], "适应等级": ["证据不足或不适用"]}
{"N": 9, "object": "氨氯地平(药品化学名)", "relation": "增加药品", "subject": "高血压(疾病)", "同时患有": ["慢性HFrEF心力衰竭(疾病)"], "文本型属性": ["血压控制不理想"], "正在服用": ["ARB(药品类型)", "B[β受体阻滞剂](药品类别)", "醛固酮受体拮抗剂(药品类型)", "噻嗪类利尿剂(药品类型)"], "适应等级": ["适用"]}
{"N": 4, "object": "襻利尿剂(药品类型)", "relation": "适应药品", "subject": "高血压(疾病)", "同时患有": ["心力衰竭(疾病)"], "适应等级": ["适用"]}
{"N": 2, "object": "ARB(药品类型)", "relation": "subclass", "subject": "厄贝沙坦(药品化学名)"}
{"N": 5, "object": "B[β受体阻滞剂](药品类别)", "relation": "适应药品", "subject": "高血压(疾病)", "同时患有": ["ST段抬高型心肌梗死(疾病)"], "联合药物": ["ACEI(药品类型)"], "适应等级": ["适用"]}
{"N": 4, "object": "ACEI(药品类型)", "relation": "适应药品", "subject": "高血压(疾病)", "同时患有": ["非糖尿病肾病(疾病)"], "适应等级": ["适用"]}
{"N": 4, "object": "D[利尿剂](药品类别)", "relation": "适应药品", "subject": "高血压(疾病)", "同时患有": ["颈动脉硬化(疾病)"], "适应等级": ["证据不足或不适用"]}
{"N": 2, "object": "其他类别(药品类别)", "relation": "subclass", "subject": "直接血管扩张药物(药品类型)"}
{"N": 4, "object": "D[利尿剂](药品类别)", "relation": "适应药品", "subject": "高血压(疾病)", "同时患有": ["左心室肥厚(症状)"], "适应等级": ["可能适用"]}
{"N": 4, "object": "D[利尿剂](药品类别)", "relation": "适应药品", "subject": "高血压(疾病)", "文本型属性": ["心房颤动预防"], "适应等级": ["证据不足或不适用"]}
{"N": 9, "object": "ARNI(药品类型)", "relation": "适应药品", "subject": "高血压(疾病)", "同时患有": ["透析尿毒症(疾病)", "慢性心力衰竭(疾病)"], "文本型属性": ["无残存肾功能", "NYHA心功能III级"], "联合药物": ["B[β受体阻滞剂](药品类别)", "地高辛(药品化学名)"], "适应等级": ["适用"]}
{"N": 3, "object": "B[β受体阻滞剂](药品类别)", "relation": "禁忌药品", "subject": "Null", "文本型属性": ["血管痉挛存在"]}
{"N": 8, "object": "噻嗪类利尿剂(药品类型)", "relation": "增加药品", "subject": "高血压(疾病)", "同时患有": ["慢性HFrEF心力衰竭(疾病)"], "文本型属性": ["血压控制不理想"], "正在服用": ["ARNI(药品类型)", "B[β受体阻滞剂](药品类别)", "醛固酮受体拮抗剂(药品类型)"], "适应等级": ["适用"]}
{"N": 2, "object": "硫酸镁(药品化学名)", "relation": "慎用药品", "subject": "子痫前期(疾病)"}
{"N": 2, "object": "D[利尿剂](药品类别)", "relation": "subclass", "subject": "噻嗪类利尿剂(药品类型)"}
{"N": 2, "object": "β受体阻滞剂(药品类型)", "relation": "subclass", "subject": "倍他洛尔(药品化学名)"}
{"N": 2, "object": "B[β受体阻滞剂](药品类别)", "relation": "禁忌药品", "subject": "周围血管病(疾病)"}
{"N": 2, "object": "慢性肾病(疾病)", "relation": "subclass", "subject": "慢性肾病2期(疾病)"}
{"N": 4, "object": "襻利尿剂(药品类型)", "relation": "适应药品", "subject": "高血压(疾病)", "同时患有": ["肾功能不全(疾病)"], "适应等级": ["适用"]}
{"N": 6, "object": "ARB(药品类型)", "relation": "适应药品", "subject": "高血压(疾病)", "同时患有": ["透析尿毒症(疾病)", "慢性心力衰竭(疾病)"], "联合药物": ["B[β受体阻滞剂](药品类别)"], "适应等级": ["适用"]}
{"N": 4, "object": "B[β受体阻滞剂](药品类别)", "relation": "适应药品", "subject": "高血压(疾病)", "文本型属性": ["围术期"], "适应等级": ["适用"]}
{"N": 2, "object": "周围血管病(疾病)", "relation": "subclass", "subject": "淋巴疾病(疾病)"}
{"N": 5, "object": "阿司匹林(药品化学名)", "relation": "适应药品", "subject": "高血压(疾病)", "同时患有": ["妊娠(疾病)"], "文本型属性": ["既往妊娠合并慢性高血压"], "适应等级": ["适用"]}
{"N": 5, "object": "生理盐水(药品化学名)", "relation": "适应药品", "subject": "高血压(疾病)", "同时患有": ["急性缺血性脑卒中(疾病)"], "文本型属性": ["卒中后低血压"], "适应等级": ["适用"]}
{"N": 5, "object": "ARB(药品类型)", "relation": "适应药品", "subject": "高血压(疾病)", "同时患有": ["糖尿病(疾病)"], "联合药物": ["D[利尿剂](药品类别)"], "适应等级": ["适用"]}
{"N": 2, "object": "视网膜病变(疾病)", "relation": "subclass", "subject": "眼外伤(疾病)"}
{"N": 2, "object": "非二氢吡啶类CCB(药品类型)", "relation": "禁忌药品", "subject": "二度至三度房室传导阻滞(疾病)"}
{"DBP": ["DBP__>=__120__mmHg"], "N": 5, "object": "尼卡地平(药品化学名)", "relation": "适应药品", "subject": "高血压(疾病)", "同时患有": ["妊娠(疾病)"], "适应等级": ["适用"]}
{"N": 2, "object": "尿毒症(疾病)", "relation": "subclass", "subject": "非透析尿毒症(疾病)"}
{"N": 2, "object": "子痫(疾病)", "relation": "相当于", "subject": "重度先兆子痫(疾病)"}
{"N": 2, "object": "ARB(药品类型)", "relation": "subclass", "subject": "奥美沙坦(药品化学名)"}
{"N": 2, "object": "保钾利尿剂(药品类型)", "relation": "subclass", "subject": "阿米洛利(药品化学名)"}
{"N": 4, "object": "CCB[钙拮抗剂](药品类别)", "relation": "适应药品", "subject": "高血压(疾病)", "同时患有": ["稳定性心绞痛(疾病)"], "适应等级": ["适用"]}
{"N": 2, "object": "肾素抑制剂(药品类型)", "relation": "subclass", "subject": "阿利吉仑(药品化学名)"}
{"N": 9, "object": "氨氯地平(药品化学名)", "relation": "增加药品", "subject": "高血压(疾病)", "同时患有": ["慢性HFrEF心力衰竭(疾病)"], "文本型属性": ["血压控制不理想"], "正在服用": ["ARB(药品类型)", "B[β受体阻滞剂](药品类别)", "醛固酮受体拮抗剂(药品类型)", "襻利尿剂(药品类型)"], "适应等级": ["适用"]}
{"GFR": ["GFR__>__30__ml/min*1.73/m/m"], "N": 8, "object": "非二氢吡啶类CCB(药品类型)", "relation": "适应药品", "subject": "高血压(疾病)", "同时患有": ["慢性肾病(疾病)"], "心率": ["心率__>=__75__bpm"], "联合药物": ["噻嗪类利尿剂(药品类型)"], "血肌酐": ["血肌酐__>=__3__mg/dl"], "适应等级": ["适用"]}
{"N": 9, "object": "ACEI(药品类型)", "relation": "适应药品", "subject": "高血压(疾病)", "同时患有": ["透析尿毒症(疾病)", "慢性心力衰竭(疾病)"], "文本型属性": ["无残存肾功能", "NYHA心功能II级"], "联合药物": ["B[β受体阻滞剂](药品类别)", "地高辛(药品化学名)"], "适应等级": ["适用"]}
{"N": 2, "object": "二氢吡啶类CCB(药品类型)", "relation": "禁忌药品", "subject": "快速型心律失常(疾病)"}
{"N": 2, "object": "α受体阻滞剂(药品类型)", "relation": "subclass", "subject": "哌唑嗪(药品化学名)"}
{"N": 5, "object": "ARB(药品类型)", "relation": "适应药品", "subject": "高血压(疾病)", "同时患有": ["慢性肾病(疾病)"], "血肌酐": ["血肌酐__<__3__mg/dl"], "适应等级": ["适用"]}
{"N": 7, "object": "ACEI(药品类型)", "relation": "增加药品", "subject": "高血压(疾病)", "同时患有": ["稳定性心绞痛(疾病)"], "文本型属性": ["血压控制不理想"], "正在服用": ["CCB[钙拮抗剂](药品类别)"], "联合药物": ["D[利尿剂](药品类别)"], "适应等级": ["适用"]}
{"N": 4, "object": "ARB(药品类型)", "relation": "适应药品", "subject": "高血压(疾病)", "同时患有": ["心肌梗死后(疾病)"], "适应等级": ["适用"]}
{"N": 4, "object": "ARB(药品类型)", "relation": "适应药品", "subject": "高血压(疾病)", "同时患有": ["左心室肥厚(症状)"], "适应等级": ["适用"]}
{"N": 3, "object": "ACEI(药品类型)", "relation": "适应药品", "subject": "老年高血压(疾病)", "适应等级": ["适用"]}
{"N": 2, "object": "醛固酮受体拮抗剂(药品类型)", "relation": "禁忌药品", "subject": "高血钾(疾病)"}
{"N": 2, "object": "直接血管扩张药物(药品类型)", "relation": "subclass", "subject": "硝酸甘油(药品化学名)"}
{"N": 5, "SBP": ["SBP__>=__180__mmHg"], "object": "乌拉地尔(药品化学名)", "relation": "适应药品", "subject": "高血压(疾病)", "同时患有": ["妊娠(疾病)"], "适应等级": ["适用"]}
{"N": 9, "object": "非洛地平(药品化学名)", "relation": "增加药品", "subject": "高血压(疾病)", "同时患有": ["慢性HFrEF心力衰竭(疾病)"], "文本型属性": ["血压控制不理想"], "正在服用": ["ARB(药品类型)", "B[β受体阻滞剂](药品类别)", "醛固酮受体拮抗剂(药品类型)", "噻嗪类利尿剂(药品类型)"], "适应等级": ["适用"]}
{"N": 3, "object": "CCB[钙拮抗剂](药品类别)", "relation": "适应药品", "subject": "老年高血压(疾病)", "适应等级": ["适用"]}
{"N": 4, "object": "D[利尿剂](药品类别)", "relation": "适应药品", "subject": "高血压(疾病)", "同时患有": ["稳定性心绞痛(疾病)"], "适应等级": ["证据不足或不适用"]}
{"N": 5, "object": "阿司匹林(药品化学名)", "relation": "适应药品", "subject": "高血压(疾病)", "同时患有": ["妊娠(疾病)"], "年龄": ["年龄__>__40__岁"], "适应等级": ["适用"]}
{"N": 6, "object": "尼卡地平(药品化学名)", "relation": "适应药品", "subject": "高血压(疾病)", "同时患有": ["急性缺血性脑卒中(疾病)"], "文本型属性": ["卒中后24h内"], "联合药物": ["拉贝洛尔(药品化学名)"], "适应等级": ["适用"]}
{"N": 2, "object": "原发性高血压(疾病)", "relation": "相当于", "subject": "慢性高血压(疾病)"}
{"N": 5, "object": "ARB(药品类型)", "relation": "禁忌药品", "subject": "高血压(疾病)", "同时患有": ["慢性肾病(疾病)"], "文本型属性": ["血肌酐基础升高>=30%"], "正在服用": ["ACEI(药品类型)"]}
{"GFR": ["GFR__>__30__ml/min*1.73/m/m"], "N": 8, "object": "B[β受体阻滞剂](药品类别)", "relation": "适应药品", "subject": "高血压(疾病)", "同时患有": ["慢性肾病(疾病)"], "心率": ["心率__>=__75__bpm"], "联合药物": ["噻嗪类利尿剂(药品类型)"], "血肌酐": ["血肌酐__>=__265__μmol/L"], "适应等级": ["适用"]}
{"N": 2, "object": "α-β受体阻滞剂(药品类型)", "relation": "subclass", "subject": "拉贝洛尔(药品化学名)"}
{"N": 2, "object": "周围血管病(疾病)", "relation": "相当于", "subject": "外周血管疾病(疾病)"}
{"N": 2, "object": "透析尿毒症(疾病)", "relation": "subclass", "subject": "血液透析(疾病)"}
{"DBP": ["DBP__>=__120__mmHg"], "N": 5, "object": "美托洛尔(药品化学名)", "relation": "适应药品", "subject": "高血压(疾病)", "同时患有": ["妊娠(疾病)"], "适应等级": ["适用"]}
{"N": 2, "object": "高血压(疾病)", "relation": "subclass", "subject": "特殊人群高血压(疾病)"}
{"N": 4, "object": "ARB(药品类型)", "relation": "适应药品", "subject": "高血压(疾病)", "同时患有": ["ACEI引起的咳嗽(症状)"], "适应等级": ["适用"]}
{"N": 2, "object": "特殊人群高血压(疾病)", "relation": "subclass", "subject": "高血压眼病(疾病)"}
{"N": 7, "object": "二氢吡啶类CCB(药品类型)", "relation": "适应药品", "subject": "高血压(疾病)", "同时患有": ["慢性肾病(疾病)"], "心率": ["心率__>=__75__bpm"], "联合药物": ["非二氢吡啶类CCB(药品类型)"], "血肌酐": ["血肌酐__>=__3__mg/dl"], "适应等级": ["适用"]}
{"N": 9, "object": "非洛地平(药品化学名)", "relation": "增加药品", "subject": "高血压(疾病)", "同时患有": ["慢性HFrEF心力衰竭(疾病)"], "文本型属性": ["血压控制不理想"], "正在服用": ["ARNI(药品类型)", "B[β受体阻滞剂](药品类别)", "醛固酮受体拮抗剂(药品类型)", "噻嗪类利尿剂(药品类型)"], "适应等级": ["适用"]}
{"N": 5, "object": "二氢吡啶类CCB(药品类型)", "relation": "适应药品", "subject": "高血压(疾病)", "同时患有": ["慢性肾病(疾病)"], "血肌酐": ["血肌酐__>=__265__μmol/L"], "适应等级": ["适用"]}
{"N": 2, "object": "特殊人群高血压(疾病)", "relation": "subclass", "subject": "高血压脑出血(疾病)"}
{"N": 2, "object": "心力衰竭(疾病)", "relation": "subclass", "subject": "急性心力衰竭(疾病)"}
{"N": 4, "object": "CCB[钙拮抗剂](药品类别)", "relation": "适应药品", "subject": "高血压(疾病)", "文本型属性": ["心房颤动预防"], "适应等级": ["证据不足或不适用"]}
{"N": 2, "object": "ARB(药品类型)", "relation": "禁忌药品", "subject": "妊娠(疾病)"}
{"N": 2, "object": "B[β受体阻滞剂](药品类别)", "relation": "禁忌药品", "subject": "二度至三度心脏传导阻滞(疾病)"}
{"N": 2, "object": "噻嗪类利尿剂(药品类型)", "relation": "禁忌药品", "subject": "妊娠(疾病)"}
{"N": 6, "object": "ACEI(药品类型)", "relation": "适应药品", "subject": "高血压(疾病)", "同时患有": ["慢性HFrEF心力衰竭(疾病)"], "联合药物": ["B[β受体阻滞剂](药品类别)", "醛固酮受体拮抗剂(药品类型)"], "适应等级": ["适用"]}
{"LVEF": ["LVEF__<=__45__%"], "N": 9, "object": "ARNI(药品类型)", "relation": "适应药品", "subject": "高血压(疾病)", "同时患有": ["透析尿毒症(疾病)", "慢性心力衰竭(疾病)"], "文本型属性": ["无残存肾功能"], "联合药物": ["B[β受体阻滞剂](药品类别)", "地高辛(药品化学名)"], "适应等级": ["适用"]}
{"N": 2, "object": "ACEI(药品类型)", "relation": "subclass", "subject": "依那普利拉(药品化学名)"}
{"N": 5, "SBP": ["SBP__>=__180__mmHg"], "object": "美托洛尔(药品化学名)", "relation": "适应药品", "subject": "高血压(疾病)", "同时患有": ["妊娠(疾病)"], "适应等级": ["适用"]}
{"N": 2, "object": "ACEI(药品类型)", "relation": "subclass", "subject": "贝那普利(药品化学名)"}
{"N": 4, "object": "CCB[钙拮抗剂](药品类别)", "relation": "适应药品", "subject": "高血压(疾病)", "同时患有": ["心力衰竭(疾病)"], "适应等级": ["证据不足或不适用"]}
{"N": 4, "object": "CCB[钙拮抗剂](药品类别)", "relation": "适应药品", "subject": "高血压(疾病)", "同时患有": ["稳定性心绞痛(疾病)"], "适应等级": ["适用"]}
{"N": 2, "object": "二氢吡啶类CCB(药品类型)", "relation": "subclass", "subject": "乐卡地平(药品化学名)"}
{"N": 2, "object": "保钾利尿剂(药品类型)", "relation": "subclass", "subject": "依普利酮(药品化学名)"}
{"N": 6, "object": "ACEI(药品类型)", "relation": "适应药品", "subject": "高血压(疾病)", "同时患有": ["慢性HFpEF心力衰竭(疾病)"], "联合药物": ["B[β受体阻滞剂](药品类别)", "醛固酮受体拮抗剂(药品类型)"], "适应等级": ["适用"]}
{"N": 2, "object": "A[RAS抑制剂](药品类别)", "relation": "subclass", "subject": "ARNI(药品类型)"}
{"N": 2, "object": "β受体阻滞剂(药品类型)", "relation": "subclass", "subject": "美托洛尔平片(药品化学名)"}
{"N": 2, "object": "A[RAS抑制剂](药品类别)", "relation": "subclass", "subject": "肾素抑制剂(药品类型)"}
{"DBP": ["DBP__>=__120__mmHg"], "N": 5, "object": "乌拉地尔(药品化学名)", "relation": "适应药品", "subject": "高血压(疾病)", "同时患有": ["妊娠(疾病)"], "适应等级": ["适用"]}
{"N": 4, "object": "B[β受体阻滞剂](药品类别)", "relation": "适应药品", "subject": "高血压(疾病)", "同时患有": ["稳定性心绞痛(疾病)"], "适应等级": ["适用"]}
{"N": 4, "object": "ARB(药品类型)", "relation": "适应药品", "subject": "高血压(疾病)", "同时患有": ["代谢综合征(疾病)"], "适应等级": ["适用"]}
{"N": 4, "object": "B[β受体阻滞剂](药品类别)", "relation": "适应药品", "subject": "高血压(疾病)", "同时患有": ["颈动脉硬化(疾病)"], "适应等级": ["证据不足或不适用"]}
{"N": 2, "object": "慢性心力衰竭(疾病)", "relation": "subclass", "subject": "慢性HFpEF心力衰竭(疾病)"}
{"N": 4, "object": "ARB(药品类型)", "relation": "适应药品", "subject": "高血压(疾病)", "同时患有": ["心力衰竭(疾病)"], "适应等级": ["适用"]}
{"N": 10, "object": "ARNI(药品类型)", "relation": "适应药品", "subject": "高血压(疾病)", "同时患有": ["透析尿毒症(疾病)", "慢性心力衰竭(疾病)"], "文本型属性": ["有残存肾功能", "NYHA心功能II级"], "联合药物": ["B[β受体阻滞剂](药品类别)", "袢利尿剂(药品类型)", "地高辛(药品化学名)"], "适应等级": ["适用"]}
{"N": 2, "object": "B[β受体阻滞剂](药品类别)", "relation": "禁忌药品", "subject": "慢性阻塞性肺病(疾病)"}
{"N": 3, "object": "CCB[钙拮抗剂](药品类别)", "relation": "适应药品", "subject": "高血压(疾病)", "适应等级": ["证据不足或不适用"]}
{"N": 6, "object": "ARNI(药品类型)", "relation": "适应药品", "subject": "高血压(疾病)", "同时患有": ["透析尿毒症(疾病)", "慢性心力衰竭(疾病)"], "联合药物": ["B[β受体阻滞剂](药品类别)"], "适应等级": ["适用"]}
{"N": 7, "object": "ACEI(药品类型)", "relation": "增加药品", "subject": "高血压(疾病)", "同时患有": ["稳定性心绞痛(疾病)"], "文本型属性": ["血压控制不理想"], "正在服用": ["B[β受体阻滞剂](药品类别)"], "联合药物": ["D[利尿剂](药品类别)"], "适应等级": ["适用"]}
{"N": 2, "object": "二氢吡啶类CCB(药品类型)", "relation": "subclass", "subject": "尼卡地平(药品化学名)"}
{"DBP": ["DBP__>=__120__mmHg"], "N": 5, "object": "诺多泮(药品化学名)", "relation": "适应药品", "subject": "高血压(疾病)", "同时患有": ["妊娠(疾病)"], "适应等级": ["适用"]}
{"N": 3, "object": "二氢吡啶类CCB(药品类型)", "relation": "适应药品", "subject": "单纯收缩期高血压(疾病)", "适应等级": ["适用"]}
{"N": 5, "SBP": ["SBP__>=__200__mmHg"], "object": "尼卡地平(药品化学名)", "relation": "适应药品", "subject": "高血压(疾病)", "同时患有": ["急性缺血性脑卒中(疾病)"], "适应等级": ["适用"]}
{"N": 3, "object": "ACEI(药品类型)", "relation": "适应药品", "subject": "高血压(疾病)", "适应等级": ["证据不足或不适用"]}
{"N": 2, "object": "慢性肾病(疾病)", "relation": "subclass", "subject": "慢性肾病3期(疾病)"}
{"LVEF": ["LVEF__<=__45__%"], "N": 9, "object": "ARB(药品类型)", "relation": "适应药品", "subject": "高血压(疾病)", "同时患有": ["透析尿毒症(疾病)", "慢性心力衰竭(疾病)"], "文本型属性": ["无残存肾功能"], "联合药物": ["B[β受体阻滞剂](药品类别)", "地高辛(药品化学名)"], "适应等级": ["适用"]}
{"N": 5, "object": "α受体阻滞剂(药品类别)", "relation": "适应药品", "subject": "高血压(疾病)", "同时患有": ["糖尿病(疾病)", "前列腺肥大(症状)"], "适应等级": ["适用"]}
{"N": 9, "object": "ACEI(药品类型)", "relation": "适应药品", "subject": "高血压(疾病)", "同时患有": ["透析尿毒症(疾病)", "慢性心力衰竭(疾病)"], "文本型属性": ["无残存肾功能", "NYHA心功能IV级"], "联合药物": ["B[β受体阻滞剂](药品类别)", "地高辛(药品化学名)"], "适应等级": ["适用"]}
{"N": 4, "object": "D[利尿剂](药品类别)", "relation": "适应药品", "subject": "高血压(疾病)", "同时患有": ["蛋白尿(症状)"], "适应等级": ["证据不足或不适用"]}
{"GFR": ["GFR__<=__30__ml/min*1.73/m/m"], "N": 6, "object": "襻利尿剂(药品类型)", "relation": "适应药品", "subject": "高血压(疾病)", "同时患有": ["慢性肾病(疾病)"], "血肌酐": ["血肌酐__>=__3__mg/dl"], "适应等级": ["适用"]}
{"N": 5, "object": "ACEI(药品类型)", "relation": "适应药品", "subject": "高血压(疾病)", "同时患有": ["糖尿病(疾病)"], "联合药物": ["D[利尿剂](药品类别)"], "适应等级": ["适用"]}
{"N": 2, "object": "ARB(药品类型)", "relation": "subclass", "subject": "氯沙坦(药品化学名)"}
{"N": 2, "object": "α受体阻滞剂(药品类别)", "relation": "禁忌药品", "subject": "体位性低血压(疾病)"}
{"GFR": ["GFR__<=__30__ml/min*1.73/m/m"], "N": 8, "object": "B[β受体阻滞剂](药品类别)", "relation": "适应药品", "subject": "高血压(疾病)", "同时患有": ["慢性肾病(疾病)"], "心率": ["心率__>=__75__bpm"], "联合药物": ["襻利尿剂(药品类型)"], "血肌酐": ["血肌酐__>=__265__μmol/L"], "适应等级": ["适用"]}
{"N": 2, "object": "周围血管病(疾病)", "relation": "subclass", "subject": "静脉疾病(疾病)"}
{"N": 2, "object": "非二氢吡啶类CCB(药品类型)", "relation": "禁忌药品", "subject": "慢性HFrEF心力衰竭(疾病)"}
{"N": 4, "object": "ACEI(药品类型)", "relation": "适应药品", "subject": "高血压(疾病)", "同时患有": ["蛋白尿(症状)"], "适应等级": ["适用"]}
{"N": 2, "object": "ARNI(药品类型)", "relation": "subclass", "subject": "沙库巴曲缬沙坦(药品化学名)"}
{"N": 5, "object": "阿司匹林(药品化学名)", "relation": "适应药品", "subject": "高血压(疾病)", "同时患有": ["妊娠(疾病)"], "文本型属性": ["既往妊娠合并自身免疫病"], "适应等级": ["适用"]}
{"N": 2, "object": "ACEI(药品类型)", "relation": "subclass", "subject": "卡托普利(药品化学名)"}
{"LVEF": ["LVEF__<=__45__%"], "N": 10, "object": "ARB(药品类型)", "relation": "适应药品", "subject": "高血压(疾病)", "同时患有": ["透析尿毒症(疾病)", "慢性心力衰竭(疾病)"], "文本型属性": ["有残存肾功能"], "联合药物": ["B[β受体阻滞剂](药品类别)", "袢利尿剂(药品类型)", "地高辛(药品化学名)"], "适应等级": ["适用"]}
{"N": 9, "object": "ARB(药品类型)", "relation": "适应药品", "subject": "高血压(疾病)", "同时患有": ["透析尿毒症(疾病)", "慢性心力衰竭(疾病)"], "文本型属性": ["无残存肾功能", "NYHA心功能II级"], "联合药物": ["B[β受体阻滞剂](药品类别)", "地高辛(药品化学名)"], "适应等级": ["适用"]}
{"N": 2, "object": "ACEI(药品类型)", "relation": "subclass", "subject": "依那普利(药品化学名)"}
{"N": 7, "object": "二氢吡啶类CCB(药品类型)", "relation": "适应药品", "subject": "高血压(疾病)", "同时患有": ["慢性肾病(疾病)"], "心率": ["心率__>=__75__bpm"], "联合药物": ["非二氢吡啶类CCB(药品类型)"], "血肌酐": ["血肌酐__>=__265__μmol/L"], "适应等级": ["适用"]}
{"N": 8, "object": "CCB[钙拮抗剂](药品类别)", "relation": "增加药品", "subject": "高血压(疾病)", "同时患有": ["ST段抬高型心肌梗死(疾病)"], "文本型属性": ["血压控制不理想"], "正在服用": ["B[β受体阻滞剂](药品类别)", "ACEI(药品类型)"], "联合药物": ["D[利尿剂](药品类别)"], "适应等级": ["适用"]}
{"N": 3, "object": "噻嗪类利尿剂(药品类型)", "relation": "适应药品", "subject": "单纯收缩期高血压(疾病)", "适应等级": ["适用"]}
{"N": 2, "object": "周围血管病(疾病)", "relation": "subclass", "subject": "动脉疾病(疾病)"}
{"N": 4, "object": "醛固酮受体拮抗剂(药品类型)", "relation": "适应药品", "subject": "高血压(疾病)", "同时患有": ["心肌梗死后(疾病)"], "适应等级": ["适用"]}
{"N": 3, "object": "高血压(疾病)", "relation": "相当于", "subject": "肾实质性高血压(疾病)", "同时患有": ["慢性肾病(疾病)"]}
{"N": 5, "SBP": ["SBP__>=__180__mmHg"], "object": "尼卡地平(药品化学名)", "relation": "适应药品", "subject": "高血压(疾病)", "同时患有": ["妊娠(疾病)"], "适应等级": ["适用"]}
{"N": 9, "object": "氨氯地平(药品化学名)", "relation": "增加药品", "subject": "高血压(疾病)", "同时患有": ["慢性HFrEF心力衰竭(疾病)"], "文本型属性": ["血压控制不理想"], "正在服用": ["ARNI(药品类型)", "B[β受体阻滞剂](药品类别)", "醛固酮受体拮抗剂(药品类型)", "襻利尿剂(药品类型)"], "适应等级": ["适用"]}
{"N": 4, "object": "ACEI(药品类型)", "relation": "适应药品", "subject": "高血压(疾病)", "同时患有": ["微量白蛋白尿(症状)"], "适应等级": ["适用"]}
{"N": 2, "object": "血脂异常(疾病)", "relation": "相当于", "subject": "高脂血症(疾病)"}
{"N": 5, "object": "阿司匹林(药品化学名)", "relation": "适应药品", "subject": "高血压(疾病)", "同时患有": ["妊娠(疾病)"], "文本型属性": ["既往妊娠合并慢性肾病"], "适应等级": ["适用"]}
{"N": 4, "object": "ACEI(药品类型)", "relation": "适应药品", "subject": "高血压(疾病)", "同时患有": ["糖尿病(疾病)"], "适应等级": ["适用"]}
{"N": 7, "object": "ARB(药品类型)", "relation": "增加药品", "subject": "高血压(疾病)", "同时患有": ["非ST段抬高急性冠脉综合征(疾病)"], "文本型属性": ["血压控制不理想"], "正在服用": ["B[β受体阻滞剂](药品类别)"], "联合药物": ["D[利尿剂](药品类别)"], "适应等级": ["适用"]}
{"N": 4, "object": "ARB(药品类型)", "relation": "适应药品", "subject": "高血压(疾病)", "同时患有": ["糖尿病肾病(疾病)"], "适应等级": ["适用"]}
{"N": 5, "object": "阿司匹林(药品化学名)", "relation": "适应药品", "subject": "高血压(疾病)", "同时患有": ["妊娠(疾病)"], "文本型属性": ["妊娠间隔>10年"], "适应等级": ["适用"]}
{"GFR": ["GFR__>__30__ml/min*1.73/m/m"], "N": 6, "object": "噻嗪类利尿剂(药品类型)", "relation": "适应药品", "subject": "高血压(疾病)", "同时患有": ["慢性肾病(疾病)"], "血肌酐": ["血肌酐__>=__265__μmol/L"], "适应等级": ["适用"]}
{"N": 5, "object": "ACEI(药品类型)", "relation": "适应药品", "subject": "高血压(疾病)", "同时患有": ["慢性肾病(疾病)"], "血肌酐": ["血肌酐__<__265__μmol/L"], "适应等级": ["适用"]}
{"N": 9, "object": "非洛地平(药品化学名)", "relation": "增加药品", "subject": "高血压(疾病)", "同时患有": ["慢性HFrEF心力衰竭(疾病)"], "文本型属性": ["血压控制不理想"], "正在服用": ["ARB(药品类型)", "B[β受体阻滞剂](药品类别)", "醛固酮受体拮抗剂(药品类型)", "襻利尿剂(药品类型)"], "适应等级": ["适用"]}
{"N": 2, "object": "保钾利尿剂(药品类型)", "relation": "subclass", "subject": "氨苯蝶啶(药品化学名)"}
{"N": 2, "object": "ARB(药品类型)", "relation": "禁忌药品", "subject": "双侧肾动脉狭窄(疾病)"}
{"N": 5, "object": "非二氢吡啶类CCB(药品类型)", "relation": "适应药品", "subject": "高血压(疾病)", "同时患有": ["稳定性心绞痛(疾病)"], "心率": ["心率__>=__75__bpm"], "适应等级": ["适用"]}
{"N": 2, "object": "子痫前期(疾病)", "relation": "相当于", "subject": "先兆子痫(疾病)"}
{"N": 7, "object": "ARB(药品类型)", "relation": "增加药品", "subject": "高血压(疾病)", "同时患有": ["稳定性心绞痛(疾病)"], "文本型属性": ["血压控制不理想"], "正在服用": ["CCB[钙拮抗剂](药品类别)"], "联合药物": ["D[利尿剂](药品类别)"], "适应等级": ["适用"]}
{"N": 2, "object": "中枢作用药物(药品类型)", "relation": "subclass", "subject": "可乐定贴片(药品化学名)"}
{"N": 2, "object": "二氢吡啶类CCB(药品类型)", "relation": "subclass", "subject": "氨氯地平(药品化学名)"}
{"N": 2, "object": "缺血性脑卒中(疾病)", "relation": "subclass", "subject": "急性缺血性脑卒中(疾病)"}
{"N": 5, "object": "α受体阻滞剂(药品类别)", "relation": "适应药品", "subject": "高血压(疾病)", "同时患有": ["慢性肾病(疾病)"], "血肌酐": ["血肌酐__>=__3__mg/dl"], "适应等级": ["适用"]}
{"N": 5, "object": "ARB(药品类型)", "relation": "禁忌药品", "subject": "高血压(疾病)", "同时患有": ["慢性肾病(疾病)"], "文本型属性": ["血肌酐基础升高>=30%"], "正在服用": ["ARB(药品类型)"]}
{"N": 5, "object": "阿司匹林(药品化学名)", "relation": "适应药品", "subject": "高血压(疾病)", "同时患有": ["妊娠(疾病)"], "文本型属性": ["初产妇"], "适应等级": ["适用"]}
{"N": 3, "object": "噻嗪类利尿剂(药品类型)", "relation": "适应药品", "subject": "老年高血压(疾病)", "适应等级": ["适用"]}
{"N": 5, "object": "拉贝洛尔(药品化学名)", "relation": "适应药品", "subject": "高血压(疾病)", "同时患有": ["急性缺血性脑卒中(疾病)", "高血压脑病(疾病)"], "适应等级": ["适用"]}
{"N": 8, "object": "氨氯地平(药品化学名)", "relation": "增加药品", "subject": "高血压(疾病)", "同时患有": ["慢性HFpEF心力衰竭(疾病)"], "文本型属性": ["血压控制不理想"], "正在服用": ["ARB(药品类型)", "B[β受体阻滞剂](药品类别)", "醛固酮受体拮抗剂(药品类型)"], "适应等级": ["适用"]}
{"N": 2, "object": "中枢作用药物(药品类型)", "relation": "subclass", "subject": "甲基多巴(药品化学名)"}
{"N": 2, "object": "保钾利尿剂(药品类型)", "relation": "subclass", "subject": "螺内酯(药品化学名)"}
{"N": 2, "object": "快速性心律失常(疾病)", "relation": "相当于", "subject": "快速型心律失常(疾病)"}
{"N": 2, "object": "ACEI(药品类型)", "relation": "禁忌药品", "subject": "妊娠(疾病)"}
{"N": 2, "object": "其他类别(药品类别)", "relation": "subclass", "subject": "其他类型(药品类型)"}
{"N": 9, "object": "非洛地平(药品化学名)", "relation": "增加药品", "subject": "高血压(疾病)", "同时患有": ["慢性HFrEF心力衰竭(疾病)"], "文本型属性": ["血压控制不理想"], "正在服用": ["ARNI(药品类型)", "B[β受体阻滞剂](药品类别)", "醛固酮受体拮抗剂(药品类型)", "襻利尿剂(药品类型)"], "适应等级": ["适用"]}
{"N": 2, "object": "二氢吡啶类CCB(药品类型)", "relation": "subclass", "subject": "巴尼地平(药品化学名)"}
{"N": 2, "object": "慢性心力衰竭(疾病)", "relation": "subclass", "subject": "慢性HFrEF心力衰竭(疾病)"}
{"N": 2, "object": "A[RAS抑制剂](药品类别)", "relation": "subclass", "subject": "ARB(药品类型)"}
{"N": 10, "object": "ARNI(药品类型)", "relation": "适应药品", "subject": "高血压(疾病)", "同时患有": ["透析尿毒症(疾病)", "慢性心力衰竭(疾病)"], "文本型属性": ["有残存肾功能", "NYHA心功能III级"], "联合药物": ["B[β受体阻滞剂](药品类别)", "袢利尿剂(药品类型)", "地高辛(药品化学名)"], "适应等级": ["适用"]}
{"DBP": ["DBP__>=__120__mmHg"], "N": 5, "object": "拉贝洛尔(药品化学名)", "relation": "适应药品", "subject": "高血压(疾病)", "同时患有": ["妊娠(疾病)"], "适应等级": ["适用"]}
{"N": 3, "object": "高血压(疾病)", "relation": "相当于", "subject": "妊娠期高血压(疾病)", "同时患有": ["妊娠(疾病)"]}
{"N": 3, "object": "中枢作用药物(药品类型)", "relation": "慎用药品", "subject": "高血压(疾病)", "同时患有": ["慢性HFpEF心力衰竭(疾病)"]}
{"N": 5, "SBP": ["SBP__>=__180__mmHg"], "object": "拉贝洛尔(药品化学名)", "relation": "适应药品", "subject": "高血压(疾病)", "同时患有": ["妊娠(疾病)"], "适应等级": ["适用"]}
{"N": 3, "object": "二氢吡啶类CCB(药品类型)", "relation": "适应药品", "subject": "老年高血压(疾病)", "适应等级": ["适用"]}
{"N": 2, "object": "缺血性脑卒中(疾病)", "relation": "相当于", "subject": "脑梗死(疾病)"}
{"N": 5, "SBP": ["SBP__>=__180__mmHg"], "object": "硝普钠(药品化学名)", "relation": "适应药品", "subject": "高血压(疾病)", "同时患有": ["妊娠(疾病)"], "适应等级": ["适用"]}
{"N": 2, "object": "ACEI(药品类型)", "relation": "subclass", "subject": "咪哒普利(药品化学名)"}
{"N": 4, "object": "CCB[钙拮抗剂](药品类别)", "relation": "适应药品", "subject": "高血压(疾病)", "同时患有": ["微量白蛋白尿(症状)"], "适应等级": ["证据不足或不适用"]}
{"N": 2, "object": "慢性肾病(疾病)", "relation": "subclass", "subject": "慢性肾病5期(疾病)"}
{"DBP": ["DBP__>=__110__mmHg"], "N": 5, "object": "拉贝洛尔(药品化学名)", "relation": "适应药品", "subject": "高血压(疾病)", "同时患有": ["急性缺血性脑卒中(疾病)"], "适应等级": ["适用"]}
{"N": 5, "object": "ACEI(药品类型)", "relation": "适应药品", "subject": "高血压(疾病)", "同时患有": ["慢性肾病(疾病)"], "血肌酐": ["血肌酐__<__3__mg/dl"], "适应等级": ["适用"]}
{"N": 9, "object": "非洛地平(药品化学名)", "relation": "增加药品", "subject": "高血压(疾病)", "同时患有": ["慢性HFrEF心力衰竭(疾病)"], "文本型属性": ["血压控制不理想"], "正在服用": ["ACEI(药品类型)", "B[β受体阻滞剂](药品类别)", "醛固酮受体拮抗剂(药品类型)", "襻利尿剂(药品类型)"], "适应等级": ["适用"]}
{"N": 2, "object": "二氢吡啶类CCB(药品类型)", "relation": "禁忌药品", "subject": "心力衰竭(疾病)"}
{"N": 5, "object": "尼卡地平(药品化学名)", "relation": "适应药品", "subject": "高血压(疾病)", "同时患有": ["急性缺血性脑卒中(疾病)", "心功能不全(疾病)"], "适应等级": ["适用"]}
{"N": 10, "object": "ACEI(药品类型)", "relation": "适应药品", "subject": "高血压(疾病)", "同时患有": ["透析尿毒症(疾病)", "慢性心力衰竭(疾病)"], "文本型属性": ["有残存肾功能", "NYHA心功能III级"], "联合药物": ["B[β受体阻滞剂](药品类别)", "袢利尿剂(药品类型)", "地高辛(药品化学名)"], "适应等级": ["适用"]}
{"GFR": ["GFR__>__30__ml/min*1.73/m/m"], "N": 7, "object": "α受体阻滞剂(药品类别)", "relation": "适应药品", "subject": "高血压(疾病)", "同时患有": ["慢性肾病(疾病)"], "联合药物": ["噻嗪类利尿剂(药品类型)"], "血肌酐": ["血肌酐__>=__3__mg/dl"], "适应等级": ["适用"]}
{"LVEF": ["LVEF__<=__45__%"], "N": 10, "object": "ACEI(药品类型)", "relation": "适应药品", "subject": "高血压(疾病)", "同时患有": ["透析尿毒症(疾病)", "慢性心力衰竭(疾病)"], "文本型属性": ["有残存肾功能"], "联合药物": ["B[β受体阻滞剂](药品类别)", "袢利尿剂(药品类型)", "地高辛(药品化学名)"], "适应等级": ["适用"]}
{"N": 2, "object": "稳定性心绞痛(疾病)", "relation": "相当于", "subject": "稳定型心绞痛(疾病)"}
{"N": 4, "object": "ARB(药品类型)", "relation": "适应药品", "subject": "高血压(疾病)", "同时患有": ["糖尿病(疾病)"], "适应等级": ["适用"]}
{"N": 2, "object": "ARB(药品类型)", "relation": "subclass", "subject": "坎地沙坦(药品化学名)"}
{"GFR": ["GFR__>__30__ml/min*1.73/m/m"], "N": 6, "object": "噻嗪类利尿剂(药品类型)", "relation": "适应药品", "subject": "高血压(疾病)", "同时患有": ["慢性肾病(疾病)"], "血肌酐": ["血肌酐__>=__3__mg/dl"], "适应等级": ["适用"]}
{"N": 4, "object": "ACEI(药品类型)", "relation": "适应药品", "subject": "高血压(疾病)", "同时患有": ["心力衰竭(疾病)"], "适应等级": ["适用"]}
{"N": 2, "object": "其他类别(药品类别)", "relation": "subclass", "subject": "醛固酮受体拮抗剂(药品类型)"}
{"GFR": ["GFR__>__30__ml/min*1.73/m/m"], "N": 8, "object": "B[β受体阻滞剂](药品类别)", "relation": "适应药品", "subject": "高血压(疾病)", "同时患有": ["慢性肾病(疾病)"], "心率": ["心率__>=__75__bpm"], "联合药物": ["噻嗪类利尿剂(药品类型)"], "血肌酐": ["血肌酐__>=__3__mg/dl"], "适应等级": ["适用"]}
{"N": 4, "object": "D[利尿剂](药品类别)", "relation": "适应药品", "subject": "高血压(疾病)", "同时患有": ["脑血管病(疾病)"], "适应等级": ["适用"]}
{"N": 2, "object": "α-β受体阻滞剂(药品类型)", "relation": "subclass", "subject": "卡维地洛(药品化学名)"}
{"N": 4, "object": "ACEI(药品类型)", "relation": "适应药品", "subject": "高血压(疾病)", "同时患有": ["血脂异常(疾病)"], "适应等级": ["适用"]}
{"N": 8, "object": "ARNI(药品类型)", "relation": "适应药品", "subject": "高血压(疾病)", "同时患有": ["透析尿毒症(疾病)", "慢性心力衰竭(疾病)"], "文本型属性": ["有残存肾功能"], "联合药物": ["B[β受体阻滞剂](药品类别)", "袢利尿剂(药品类型)"], "适应等级": ["适用"]}
{"N": 2, "object": "特殊人群高血压(疾病)", "relation": "subclass", "subject": "高血压性心肌病(疾病)"}
{"N": 2, "object": "襻利尿剂(药品类型)", "relation": "subclass", "subject": "呋塞米(药品化学名)"}
{"N": 2, "object": "二氢吡啶类CCB(药品类型)", "relation": "subclass", "subject": "西尼地平(药品化学名)"}
{"N": 2, "object": "中枢作用药物(药品类型)", "relation": "subclass", "subject": "莫索尼定(药品化学名)"}
{"N": 9, "object": "氨氯地平(药品化学名)", "relation": "增加药品", "subject": "高血压(疾病)", "同时患有": ["慢性HFrEF心力衰竭(疾病)"], "文本型属性": ["血压控制不理想"], "正在服用": ["ACEI(药品类型)", "B[β受体阻滞剂](药品类别)", "醛固酮受体拮抗剂(药品类型)", "襻利尿剂(药品类型)"], "适应等级": ["适用"]}
{"N": 2, "object": "其他类别(药品类别)", "relation": "subclass", "subject": "未收录类型(药品类型)"}
{"N": 10, "object": "ACEI(药品类型)", "relation": "适应药品", "subject": "高血压(疾病)", "同时患有": ["透析尿毒症(疾病)", "慢性心力衰竭(疾病)"], "文本型属性": ["有残存肾功能", "NYHA心功能IV级"], "联合药物": ["B[β受体阻滞剂](药品类别)", "袢利尿剂(药品类型)", "地高辛(药品化学名)"], "适应等级": ["适用"]}
{"N": 4, "object": "ACEI(药品类型)", "relation": "适应药品", "subject": "高血压(疾病)", "同时患有": ["心肌梗死后(疾病)"], "适应等级": ["适用"]}
{"N": 4, "object": "B[β受体阻滞剂](药品类别)", "relation": "适应药品", "subject": "高血压(疾病)", "同时患有": ["血脂异常(疾病)"], "适应等级": ["证据不足或不适用"]}
{"N": 5, "object": "尼卡地平(药品化学名)", "relation": "适应药品", "subject": "高血压(疾病)", "同时患有": ["急性缺血性脑卒中(疾病)", "高血压脑病(疾病)"], "适应等级": ["适用"]}
{"N": 2, "object": "冠心病(疾病)", "relation": "subclass", "subject": "稳定性心绞痛(疾病)"}
{"N": 2, "object": "稳定性心绞痛(疾病)", "relation": "相当于", "subject": "稳定性冠心病(疾病)"}
{"N": 8, "object": "非洛地平(药品化学名)", "relation": "增加药品", "subject": "高血压(疾病)", "同时患有": ["慢性HFpEF心力衰竭(疾病)"], "文本型属性": ["血压控制不理想"], "正在服用": ["ARB(药品类型)", "B[β受体阻滞剂](药品类别)", "醛固酮受体拮抗剂(药品类型)"], "适应等级": ["适用"]}
{"N": 2, "object": "继发性高血压(疾病)", "relation": "subclass", "subject": "肾血管性高血压(疾病)"}
{"N": 4, "object": "B[β受体阻滞剂](药品类别)", "relation": "适应药品", "subject": "高血压(疾病)", "同时患有": ["微量白蛋白尿(症状)"], "适应等级": ["证据不足或不适用"]}
{"N": 3, "object": "高血压(疾病)", "relation": "相当于", "subject": "妊娠合并慢性高血压(疾病)", "同时患有": ["妊娠(疾病)"]}
{"N": 4, "object": "噻嗪类利尿剂(药品类型)", "relation": "适应药品", "subject": "高血压(疾病)", "同时患有": ["心力衰竭(疾病)"], "适应等级": ["适用"]}
{"N": 4, "object": "D[利尿剂](药品类别)", "relation": "适应药品", "subject": "高血压(疾病)", "同时患有": ["心力衰竭(疾病)"], "适应等级": ["适用"]}
{"N": 8, "object": "襻利尿剂(药品类型)", "relation": "增加药品", "subject": "高血压(疾病)", "同时患有": ["慢性HFrEF心力衰竭(疾病)"], "文本型属性": ["血压控制不理想"], "正在服用": ["ARB(药品类型)", "B[β受体阻滞剂](药品类别)", "醛固酮受体拮抗剂(药品类型)"], "适应等级": ["适用"]}
{"N": 5, "SBP": ["SBP__>=__200__mmHg"], "object": "拉贝洛尔(药品化学名)", "relation": "适应药品", "subject": "高血压(疾病)", "同时患有": ["急性缺血性脑卒中(疾病)"], "适应等级": ["适用"]}
{"N": 4, "object": "ARB(药品类型)", "relation": "适应药品", "subject": "高血压(疾病)", "同时患有": ["脑血管病(疾病)"], "适应等级": ["适用"]}
{"N": 4, "object": "CCB[钙拮抗剂](药品类别)", "relation": "适应药品", "subject": "高血压(疾病)", "同时患有": ["心肌梗死后(疾病)"], "适应等级": ["证据不足或不适用"]}
{"N": 4, "object": "B[β受体阻滞剂](药品类别)", "relation": "适应药品", "subject": "高血压(疾病)", "同时患有": ["快速性心律失常(疾病)"], "适应等级": ["适用"]}
{"GFR": ["GFR__<=__30__ml/min*1.73/m/m"], "N": 7, "object": "α受体阻滞剂(药品类别)", "relation": "适应药品", "subject": "高血压(疾病)", "同时患有": ["慢性肾病(疾病)"], "联合药物": ["襻利尿剂(药品类型)"], "血肌酐": ["血肌酐__>=__265__μmol/L"], "适应等级": ["适用"]}
{"N": 4, "object": "非二氢吡啶类CCB(药品类型)", "relation": "适应药品", "subject": "高血压(疾病)", "同时患有": ["室上性快速心律失常(疾病)"], "适应等级": ["适用"]}
{"GFR": ["GFR__<=__30__ml/min*1.73/m/m"], "N": 8, "object": "非二氢吡啶类CCB(药品类型)", "relation": "适应药品", "subject": "高血压(疾病)", "同时患有": ["慢性肾病(疾病)"], "心率": ["心率__>=__75__bpm"], "联合药物": ["襻利尿剂(药品类型)"], "血肌酐": ["血肌酐__>=__265__μmol/L"], "适应等级": ["适用"]}
{"N": 6, "object": "非二氢吡啶类CCB(药品类型)", "relation": "适应药品", "subject": "高血压(疾病)", "同时患有": ["慢性肾病(疾病)"], "心率": ["心率__>=__75__bpm"], "血肌酐": ["血肌酐__>=__3__mg/dl"], "适应等级": ["适用"]}
{"N": 2, "object": "直接血管扩张药物(药品类型)", "relation": "subclass", "subject": "肼屈嗪(药品化学名)"}
{"N": 4, "object": "CCB[钙拮抗剂](药品类别)", "relation": "适应药品", "subject": "高血压(疾病)", "同时患有": ["血脂异常(疾病)"], "适应等级": ["可能适用"]}
{"N": 2, "object": "尿毒症(疾病)", "relation": "subclass", "subject": "透析尿毒症(疾病)"}
{"N": 3, "object": "高血压(疾病)", "relation": "相当于", "subject": "子痫(疾病)", "同时患有": ["妊娠(疾病)"]}
{"N": 4, "object": "ARB(药品类型)", "relation": "适应药品", "subject": "高血压(疾病)", "同时患有": ["微量白蛋白尿(症状)"], "适应等级": ["适用"]}
{"N": 2, "object": "慢性肾病(疾病)", "relation": "相当于", "subject": "CKD(疾病)"}
{"N": 4, "object": "B[β受体阻滞剂](药品类别)", "relation": "适应药品", "subject": "高血压(疾病)", "同时患有": ["脑血管病(疾病)"], "适应等级": ["可能适用"]}
{"N": 2, "object": "B[β受体阻滞剂](药品类别)", "relation": "subclass", "subject": "α-β受体阻滞剂(药品类型)"}
{"N": 8, "object": "ARB(药品类型)", "relation": "适应药品", "subject": "高血压(疾病)", "同时患有": ["透析尿毒症(疾病)", "慢性心力衰竭(疾病)"], "文本型属性": ["有残存肾功能"], "联合药物": ["B[β受体阻滞剂](药品类别)", "袢利尿剂(药品类型)"], "适应等级": ["适用"]}
{"N": 2, "object": "脑卒中(疾病)", "relation": "subclass", "subject": "缺血性脑卒中(疾病)"}
{"N": 3, "object": "B[β受体阻滞剂](药品类别)", "relation": "适应药品", "subject": "老年高血压(疾病)", "适应等级": ["可能适用"]}
{"N": 4, "object": "ARB(药品类型)", "relation": "适应药品", "subject": "高血压(疾病)", "同时患有": ["蛋白尿(症状)"], "适应等级": ["适用"]}
{"N": 2, "object": "高血压(疾病)", "relation": "subclass", "subject": "单纯收缩期高血压(疾病)"}
{"N": 2, "object": "视网膜病变(疾病)", "relation": "subclass", "subject": "视神经乳头水肿(疾病)"}
{"N": 3, "object": "噻嗪类利尿剂(药品类型)", "relation": "适应药品", "subject": "高龄老年高血压(疾病)", "适应等级": ["适用"]}
{"N": 4, "object": "ACEI(药品类型)", "relation": "适应药品", "subject": "高血压(疾病)", "同时患有": ["颈动脉硬化(疾病)"], "适应等级": ["可能适用"]}
{"N": 4, "object": "α受体阻滞剂(药品类别)", "relation": "适应药品", "subject": "高血压(疾病)", "同时患有": ["血脂异常(疾病)"], "适应等级": ["适用"]}
{"N": 10, "object": "ARB(药品类型)", "relation": "适应药品", "subject": "高血压(疾病)", "同时患有": ["透析尿毒症(疾病)", "慢性心力衰竭(疾病)"], "文本型属性": ["有残存肾功能", "NYHA心功能IV级"], "联合药物": ["B[β受体阻滞剂](药品类别)", "袢利尿剂(药品类型)", "地高辛(药品化学名)"], "适应等级": ["适用"]}
{"N": 4, "object": "D[利尿剂](药品类别)", "relation": "适应药品", "subject": "高血压(疾病)", "同时患有": ["血脂异常(疾病)"], "适应等级": ["证据不足或不适用"]}
{"N": 2, "object": "特殊人群高血压(疾病)", "relation": "subclass", "subject": "老年收缩期高血压(疾病)"}
{"N": 5, "SBP": ["SBP__>=__180__mmHg"], "object": "艾司洛尔(药品化学名)", "relation": "适应药品", "subject": "高血压(疾病)", "同时患有": ["妊娠(疾病)"], "适应等级": ["适用"]}
{"N": 9, "object": "ACEI(药品类型)", "relation": "适应药品", "subject": "高血压(疾病)", "同时患有": ["透析尿毒症(疾病)", "慢性心力衰竭(疾病)"], "文本型属性": ["无残存肾功能", "NYHA心功能III级"], "联合药物": ["B[β受体阻滞剂](药品类别)", "地高辛(药品化学名)"], "适应等级": ["适用"]}
{"N": 7, "object": "ACEI(药品类型)", "relation": "增加药品", "subject": "高血压(疾病)", "同时患有": ["非ST段抬高急性冠脉综合征(疾病)"], "文本型属性": ["血压控制不理想"], "正在服用": ["B[β受体阻滞剂](药品类别)"], "联合药物": ["D[利尿剂](药品类别)"], "适应等级": ["适用"]}
{"N": 2, "object": "二氢吡啶类CCB(药品类型)", "relation": "subclass", "subject": "贝尼地平(药品化学名)"}
{"N": 5, "object": "α受体阻滞剂(药品类别)", "relation": "适应药品", "subject": "高血压(疾病)", "同时患有": ["慢性肾病(疾病)"], "血肌酐": ["血肌酐__>=__265__μmol/L"], "适应等级": ["适用"]}
{"N": 4, "object": "B[β受体阻滞剂](药品类别)", "relation": "适应药品", "subject": "高血压(疾病)", "同时患有": ["非ST段抬高急性冠脉综合征(疾病)"], "适应等级": ["适用"]}
{"DBP": ["DBP__>=__120__mmHg"], "N": 5, "object": "酚妥拉明(药品化学名)", "relation": "适应药品", "subject": "高血压(疾病)", "同时患有": ["妊娠(疾病)"], "适应等级": ["适用"]}
{"N": 5, "SBP": ["SBP__>__160__mmHg"], "object": "静脉降压药物(药品类型)", "relation": "适应药品", "subject": "高血压(疾病)", "同时患有": ["急性出血性脑卒中(疾病)"], "适应等级": ["适用"]}
{"N": 2, "object": "慢性肾病(疾病)", "relation": "subclass", "subject": "慢性肾病4期(疾病)"}
{"N": 9, "object": "氨氯地平(药品化学名)", "relation": "增加药品", "subject": "高血压(疾病)", "同时患有": ["慢性HFrEF心力衰竭(疾病)"], "文本型属性": ["血压控制不理想"], "正在服用": ["ARNI(药品类型)", "B[β受体阻滞剂](药品类别)", "醛固酮受体拮抗剂(药品类型)", "噻嗪类利尿剂(药品类型)"], "适应等级": ["适用"]}
{"N": 6, "object": "ARNI(药品类型)", "relation": "适应药品", "subject": "高血压(疾病)", "同时患有": ["慢性HFpEF心力衰竭(疾病)"], "联合药物": ["B[β受体阻滞剂](药品类别)", "醛固酮受体拮抗剂(药品类型)"], "适应等级": ["适用"]}
{"N": 4, "object": "D[利尿剂](药品类别)", "relation": "慎用药品", "subject": "高血压(疾病)", "同时患有": ["糖尿病(疾病)", "高尿酸血症(疾病)"]}
{"N": 4, "object": "拉贝洛尔(药品化学名)", "relation": "适应药品", "subject": "高血压(疾病)", "同时患有": ["妊娠(疾病)"], "适应等级": ["适用"]}
{"N": 4, "object": "ARB(药品类型)", "relation": "适应药品", "subject": "高血压(疾病)", "文本型属性": ["心房颤动预防"], "适应等级": ["适用"]}
{"N": 5, "object": "阿司匹林(药品化学名)", "relation": "适应药品", "subject": "高血压(疾病)", "同时患有": ["妊娠(疾病)"], "文本型属性": ["先兆子痫家族史"], "适应等级": ["适用"]}
{"N": 4, "object": "D[利尿剂](药品类别)", "relation": "适应药品", "subject": "高血压(疾病)", "同时患有": ["糖尿病(疾病)"], "适应等级": ["可能适用"]}
