{"N": 2, "object": "心率__>=__75__bpm", "relation": "instance_of", "subject": "心率__88__bpm"}
{"N": 2, "object": "年龄__>__40__岁", "relation": "instance_of", "subject": "年龄__53__岁"}
{"N": 2, "object": "心率__>=__75__bpm", "relation": "instance_of", "subject": "心率__93__bpm"}
{"N": 2, "object": "依那普利(药品化学名)", "relation": "instance_of", "subject": "依那普利"}
{"N": 2, "object": "阿罗洛尔(药品化学名)", "relation": "instance_of", "subject": "阿尔马尔"}
{"N": 2, "object": "GFR__>__30__ml/min*1.73/m/m", "relation": "instance_of", "subject": "GFR__100.99__ml/min*1.73/m/m"}
{"N": 2, "object": "血肌酐__<__265__μmol/L", "relation": "instance_of", "subject": "血肌酐__98.1__μmol/L"}
{"N": 2, "object": "GFR__>__30__ml/min*1.73/m/m", "relation": "instance_of", "subject": "GFR__84.66__ml/min*1.73/m/m"}
{"N": 2, "object": "GFR__>__30__ml/min*1.73/m/m", "relation": "instance_of", "subject": "GFR__102.63__ml/min*1.73/m/m"}
{"N": 2, "object": "美托洛尔平片(药品化学名)", "relation": "instance_of", "subject": "酒石酸美托洛尔"}
{"N": 2, "object": "血肌酐__<__265__μmol/L", "relation": "instance_of", "subject": "血肌酐__85.6__μmol/L"}
{"N": 2, "subject": "尼卡地平(药品化学名)", "relation": "instance_of", "object": "尼卡地平(药品化学名)"}
{"N": 2, "object": "非洛地平缓释片(药品化学名)", "relation": "instance_of", "subject": "*波依定缓释片"}
{"N": 2, "object": "硝苯地平缓释片(药品化学名)", "relation": "instance_of", "subject": "硝苯地平缓释片(10mg*16)"}
{"N": 2, "object": "年龄__>__40__岁", "relation": "instance_of", "subject": "年龄__56__岁"}
{"N": 2, "object": "缺血性脑卒中(疾病)", "relation": "instance_of", "subject": "缺血性脑卒中"}
{"N": 2, "object": "缬沙坦(药品化学名)", "relation": "instance_of", "subject": "缬沙坦氨氯地平片（恒瑞80mg/5mg)）"}
{"N": 2, "object": "氢氯噻嗪(药品化学名)", "relation": "instance_of", "subject": "氯沙坦钾氢氯噻嗪片"}
{"N": 2, "object": "缬沙坦(药品化学名)", "relation": "instance_of", "subject": "代文"}
{"N": 2, "subject": "其他类型(药品类型)", "relation": "instance_of", "object": "其他类型(药品类型)"}
{"N": 2, "object": "颈动脉硬化(疾病)", "relation": "instance_of", "subject": "颈动脉硬化（右侧）"}
{"N": 2, "object": "高血压(疾病)", "relation": "instance_of", "subject": "高血压"}
{"N": 2, "subject": "普萘洛尔(药品化学名)", "relation": "instance_of", "object": "普萘洛尔(药品化学名)"}
{"N": 2, "object": "微量白蛋白尿(症状)", "relation": "instance_of", "subject": "微量白蛋白尿"}
{"N": 2, "object": "年龄__>__40__岁", "relation": "instance_of", "subject": "年龄__51__岁"}
{"N": 2, "object": "ARB(药品类型)", "relation": "instance_of", "subject": "科素雅"}
{"N": 2, "object": "SBP__>__160__mmHg", "relation": "instance_of", "subject": "诊室高压__169__mmHg"}
{"N": 2, "object": "血肌酐__<__265__μmol/L", "relation": "instance_of", "subject": "血肌酐__58.8__μmol/L"}
{"N": 2, "object": "贝尼地平(药品化学名)", "relation": "instance_of", "subject": "盐酸贝尼地平片（元治_8mg*7）"}
{"N": 2, "object": "年龄__>__40__岁", "relation": "instance_of", "subject": "年龄__43__岁"}
{"N": 2, "subject": "静脉降压药物(药品类型)", "relation": "instance_of", "object": "静脉降压药物(药品类型)"}
{"N": 2, "subject": "诺多泮(药品化学名)", "relation": "instance_of", "object": "诺多泮(药品化学名)"}
{"N": 2, "subject": "α受体阻滞剂(药品类别)", "relation": "instance_of", "object": "α受体阻滞剂(药品类别)"}
{"N": 2, "object": "氯沙坦(药品化学名)", "relation": "instance_of", "subject": "科素亚&(氯沙坦钾片50mg)"}
{"N": 2, "subject": "托拉塞米(药品化学名)", "relation": "instance_of", "object": "托拉塞米(药品化学名)"}
{"N": 2, "object": "心率__>=__75__bpm", "relation": "instance_of", "subject": "心率__98__bpm"}
{"N": 2, "object": "血脂异常(疾病)", "relation": "instance_of", "subject": "血脂异常"}
{"N": 2, "object": "血肌酐__<__265__μmol/L", "relation": "instance_of", "subject": "血肌酐__68.9__μmol/L"}
{"N": 2, "object": "高血压(疾病)", "relation": "instance_of", "subject": "中危"}
{"N": 2, "subject": "硝苯地平(药品化学名)", "relation": "instance_of", "object": "硝苯地平(药品化学名)"}
{"N": 2, "object": "氨氯地平(药品化学名)", "relation": "instance_of", "subject": "开素达"}
{"N": 2, "object": "DBP__>=__110__mmHg", "relation": "instance_of", "subject": "诊室低压__110__mmHg"}
{"N": 2, "subject": "氯噻酮(药品化学名)", "relation": "instance_of", "object": "氯噻酮(药品化学名)"}
{"N": 2, "object": "心率__>=__75__bpm", "relation": "instance_of", "subject": "心率__75__bpm"}
{"N": 2, "object": "心率__>=__75__bpm", "relation": "instance_of", "subject": "心率__89__bpm"}
{"N": 2, "object": "缬沙坦(药品化学名)", "relation": "instance_of", "subject": "缬沙坦氨氯地平片"}
{"N": 2, "object": "血肌酐__<__265__μmol/L", "relation": "instance_of", "subject": "血肌酐__79.9__μmol/L"}
{"N": 2, "object": "美托洛尔缓释片(药品化学名)", "relation": "instance_of", "subject": "倍他乐克缓释片"}
{"N": 2, "object": "缬沙坦(药品化学名)", "relation": "instance_of", "subject": "倍博特"}
{"N": 2, "object": "DBP__>=__120__mmHg", "relation": "instance_of", "subject": "诊室低压__123__mmHg"}
{"N": 2, "object": "SBP__>__160__mmHg", "relation": "instance_of", "subject": "诊室高压__176__mmHg"}
{"N": 2, "object": "贝那普利(药品化学名)", "relation": "instance_of", "subject": "贝那普利"}
{"N": 2, "object": "血肌酐__<__265__μmol/L", "relation": "instance_of", "subject": "血肌酐__49.5__μmol/L"}
{"N": 2, "object": "SBP__>__160__mmHg", "relation": "instance_of", "subject": "诊室高压__186__mmHg"}
{"N": 2, "object": "吲达帕胺(药品化学名)", "relation": "instance_of", "subject": "培哚普利吲达帕胺片（4mg+1.25mg_百普乐）"}
{"N": 2, "object": "ARB(药品类型)", "relation": "instance_of", "subject": "科素亚"}
{"N": 2, "object": "年龄__>__40__岁", "relation": "instance_of", "subject": "年龄__78__岁"}
{"N": 2, "subject": "中枢作用药物(药品类型)", "relation": "instance_of", "object": "中枢作用药物(药品类型)"}
{"N": 2, "object": "氢氯噻嗪(药品化学名)", "relation": "instance_of", "subject": "武都力"}
{"N": 2, "object": "SBP__>__160__mmHg", "relation": "instance_of", "subject": "诊室高压__189__mmHg"}
{"N": 2, "subject": "ARNI(药品类型)", "relation": "instance_of", "object": "ARNI(药品类型)"}
{"N": 2, "object": "年龄__>__40__岁", "relation": "instance_of", "subject": "年龄__52__岁"}
{"N": 2, "subject": "α-β受体阻滞剂(药品类型)", "relation": "instance_of", "object": "α-β受体阻滞剂(药品类型)"}
{"N": 2, "object": "SBP__>__160__mmHg", "relation": "instance_of", "subject": "诊室高压__167__mmHg"}
{"N": 2, "object": "美托洛尔平片(药品化学名)", "relation": "instance_of", "subject": "盐酸拉贝洛尔"}
{"N": 2, "object": "氨氯地平(药品化学名)", "relation": "instance_of", "subject": "氨氯地平贝纳普利"}
{"N": 2, "object": "GFR__>__30__ml/min*1.73/m/m", "relation": "instance_of", "subject": "GFR__89.02__ml/min*1.73/m/m"}
{"N": 2, "object": "卡维地洛(药品化学名)", "relation": "instance_of", "subject": "卡维地络"}
{"N": 2, "object": "DBP__>=__110__mmHg", "relation": "instance_of", "subject": "诊室低压__115__mmHg"}
{"N": 2, "object": "DBP__>=__110__mmHg", "relation": "instance_of", "subject": "近期低压范围__116__mmHg"}
{"N": 2, "object": "心率__>=__75__bpm", "relation": "instance_of", "subject": "心率__96__bpm"}
{"N": 2, "object": "氢氯噻嗪(药品化学名)", "relation": "instance_of", "subject": "海捷亚"}
{"N": 2, "subject": "硝酸甘油(药品化学名)", "relation": "instance_of", "object": "硝酸甘油(药品化学名)"}
{"N": 2, "object": "血肌酐__<__265__μmol/L", "relation": "instance_of", "subject": "血肌酐__66.8__μmol/L"}
{"N": 2, "object": "慢性肾病(疾病)", "relation": "instance_of", "subject": "慢性肾病"}
{"N": 2, "object": "血肌酐__<__265__μmol/L", "relation": "instance_of", "subject": "血肌酐__62.7__μmol/L"}
{"N": 2, "object": "心率__>=__75__bpm", "relation": "instance_of", "subject": "心率__94__bpm"}
{"N": 2, "object": "GFR__>__30__ml/min*1.73/m/m", "relation": "instance_of", "subject": "GFR__123.38__ml/min*1.73/m/m"}
{"N": 2, "object": "氨氯地平(药品化学名)", "relation": "instance_of", "subject": "奥美沙坦酯氨氯地平片（20mg:5mg)"}
{"N": 2, "object": "冠状动脉粥样硬化(疾病)", "relation": "instance_of", "subject": "冠状动脉粥样硬化"}
{"N": 2, "object": "GFR__>__30__ml/min*1.73/m/m", "relation": "instance_of", "subject": "GFR__95.77__ml/min*1.73/m/m"}
{"N": 2, "object": "心率__>=__75__bpm", "relation": "instance_of", "subject": "心率__87__bpm"}
{"N": 2, "object": "GFR__>__30__ml/min*1.73/m/m", "relation": "instance_of", "subject": "GFR__105.37__ml/min*1.73/m/m"}
{"N": 2, "subject": "ACEI(药品类型)", "relation": "instance_of", "object": "ACEI(药品类型)"}
{"N": 2, "object": "GFR__>__30__ml/min*1.73/m/m", "relation": "instance_of", "subject": "GFR__81.92__ml/min*1.73/m/m"}
{"N": 2, "object": "年龄__>__40__岁", "relation": "instance_of", "subject": "年龄__48__岁"}
{"N": 2, "object": "GFR__>__30__ml/min*1.73/m/m", "relation": "instance_of", "subject": "GFR__118.94__ml/min*1.73/m/m"}
{"N": 2, "object": "心率__>=__75__bpm", "relation": "instance_of", "subject": "心率__81__bpm"}
{"N": 2, "object": "氨苯蝶啶(药品化学名)", "relation": "instance_of", "subject": "北京降压灵"}
{"N": 2, "object": "阿罗洛尔(药品化学名)", "relation": "instance_of", "subject": "阿罗洛尔"}
{"N": 2, "object": "GFR__>__30__ml/min*1.73/m/m", "relation": "instance_of", "subject": "GFR__115.01__ml/min*1.73/m/m"}
{"N": 2, "object": "血脂异常(疾病)", "relation": "instance_of", "subject": "高甘油三酯血症"}
{"N": 2, "object": "年龄__>__40__岁", "relation": "instance_of", "subject": "年龄__46__岁"}
{"N": 2, "subject": "呋塞米(药品化学名)", "relation": "instance_of", "object": "呋塞米(药品化学名)"}
{"N": 2, "object": "氢氯噻嗪(药品化学名)", "relation": "instance_of", "subject": "厄贝沙坦氨氯噻嗪片"}
{"N": 2, "subject": "甲基多巴(药品化学名)", "relation": "instance_of", "object": "甲基多巴(药品化学名)"}
{"N": 2, "subject": "坎地沙坦(药品化学名)", "relation": "instance_of", "object": "坎地沙坦(药品化学名)"}
{"N": 2, "object": "年龄__>__40__岁", "relation": "instance_of", "subject": "年龄__63__岁"}
{"N": 2, "object": "氢氯噻嗪(药品化学名)", "relation": "instance_of", "subject": "缬沙坦氨氯噻嗪"}
{"N": 2, "object": "贝尼地平(药品化学名)", "relation": "instance_of", "subject": "贝尼地平"}
{"N": 2, "object": "非洛地平缓释片(药品化学名)", "relation": "instance_of", "subject": "非洛地平缓释片"}
{"N": 2, "object": "心率__>=__75__bpm", "relation": "instance_of", "subject": "心率__90__bpm"}
{"N": 2, "object": "血肌酐__<__265__μmol/L", "relation": "instance_of", "subject": "血肌酐__67__μmol/L"}
{"N": 2, "object": "年龄__>__40__岁", "relation": "instance_of", "subject": "年龄__64__岁"}
{"N": 2, "subject": "莫索尼定(药品化学名)", "relation": "instance_of", "object": "莫索尼定(药品化学名)"}
{"N": 2, "object": "心率__<__75__bpm", "relation": "instance_of", "subject": "心率__69__bpm"}
{"N": 2, "object": "年龄__>__40__岁", "relation": "instance_of", "subject": "年龄__69__岁"}
{"N": 2, "object": "血肌酐__<__265__μmol/L", "relation": "instance_of", "subject": "血肌酐__78__μmol/L"}
{"N": 2, "object": "GFR__>__30__ml/min*1.73/m/m", "relation": "instance_of", "subject": "GFR__98.26__ml/min*1.73/m/m"}
{"N": 2, "object": "SBP__>__160__mmHg", "relation": "instance_of", "subject": "诊室高压__165__mmHg"}
{"N": 2, "object": "特拉唑嗪(药品化学名)", "relation": "instance_of", "subject": "盐酸特拉唑嗪胶囊（泰乐2mg）"}
{"N": 2, "object": "心率__>=__75__bpm", "relation": "instance_of", "subject": "心率__103__bpm"}
{"N": 2, "object": "奥美沙坦(药品化学名)", "relation": "instance_of", "subject": "奥美沙坦酯氨氯地平片"}
{"N": 2, "object": "氨氯地平(药品化学名)", "relation": "instance_of", "subject": "奥美沙坦酯氨氯地平片（复傲坦20mg:12.5mg)"}
{"N": 2, "object": "心率__<__75__bpm", "relation": "instance_of", "subject": "心率__60__bpm"}
{"N": 2, "object": "GFR__>__30__ml/min*1.73/m/m", "relation": "instance_of", "subject": "GFR__113.96__ml/min*1.73/m/m"}
{"N": 2, "object": "血肌酐__<__265__μmol/L", "relation": "instance_of", "subject": "血肌酐__65.5__μmol/L"}
{"N": 2, "subject": "马尼地平(药品化学名)", "relation": "instance_of", "object": "马尼地平(药品化学名)"}
{"N": 2, "subject": "美托洛尔(药品化学名)", "relation": "instance_of", "object": "美托洛尔(药品化学名)"}
{"N": 2, "object": "GFR__>__30__ml/min*1.73/m/m", "relation": "instance_of", "subject": "GFR__96.6__ml/min*1.73/m/m"}
{"N": 2, "object": "年龄__>__40__岁", "relation": "instance_of", "subject": "年龄__54__岁"}
{"N": 2, "object": "血肌酐__<__265__μmol/L", "relation": "instance_of", "subject": "血肌酐__96.4__μmol/L"}
{"N": 2, "object": "心率__>=__75__bpm", "relation": "instance_of", "subject": "心率__78__bpm"}
{"N": 2, "object": "脑血管病(疾病)", "relation": "instance_of", "subject": "脑血管病"}
{"N": 2, "object": "年龄__>__40__岁", "relation": "instance_of", "subject": "年龄__65__岁"}
{"N": 2, "object": "氨氯地平(药品化学名)", "relation": "instance_of", "subject": "倍博特"}
{"N": 2, "object": "心率__<__75__bpm", "relation": "instance_of", "subject": "心率__57__bpm"}
{"N": 2, "subject": "西拉普利(药品化学名)", "relation": "instance_of", "object": "西拉普利(药品化学名)"}
{"N": 2, "object": "硝苯地平控释片(药品化学名)", "relation": "instance_of", "subject": "拜新同"}
{"N": 2, "object": "氨氯地平(药品化学名)", "relation": "instance_of", "subject": "培哚普利氨苯地平片（10mg:5mg）"}
{"N": 2, "object": "心率__<__75__bpm", "relation": "instance_of", "subject": "心率__61__bpm"}
{"N": 2, "object": "SBP__>__160__mmHg", "relation": "instance_of", "subject": "诊室高压__161__mmHg"}
{"N": 2, "object": "GFR__>__30__ml/min*1.73/m/m", "relation": "instance_of", "subject": "GFR__92.97__ml/min*1.73/m/m"}
{"N": 2, "object": "年龄__>__40__岁", "relation": "instance_of", "subject": "年龄__59__岁"}
{"N": 2, "object": "氯沙坦(药品化学名)", "relation": "instance_of", "subject": "氯沙坦钾片"}
{"N": 2, "subject": "吲哒帕胺缓释片(药品化学名)", "relation": "instance_of", "object": "吲哒帕胺缓释片(药品化学名)"}
{"N": 2, "object": "肾功能不全(疾病)", "relation": "instance_of", "subject": "肾功能不全"}
{"N": 2, "subject": "肾素抑制剂(药品类型)", "relation": "instance_of", "object": "肾素抑制剂(药品类型)"}
{"N": 2, "object": "血肌酐__<__265__μmol/L", "relation": "instance_of", "subject": "血肌酐__93.3__μmol/L"}
{"N": 2, "subject": "依那普利拉(药品化学名)", "relation": "instance_of", "object": "依那普利拉(药品化学名)"}
{"N": 2, "object": "奥美沙坦(药品化学名)", "relation": "instance_of", "subject": "奥美沙坦酯氢氯噻嗪片（复傲坦 20mg:12.5mg）"}
{"N": 2, "object": "血肌酐__<__265__μmol/L", "relation": "instance_of", "subject": "血肌酐__44.3__μmol/L"}
{"N": 2, "subject": "生理盐水(药品化学名)", "relation": "instance_of", "object": "生理盐水(药品化学名)"}
{"N": 2, "object": "氨氯地平(药品化学名)", "relation": "instance_of", "subject": "氨氯地平阿托伐他汀钙片（多达-5mg/10mg*7)"}
{"N": 2, "object": "替米沙坦(药品化学名)", "relation": "instance_of", "subject": "替米沙坦片（福元80mg)"}
{"N": 2, "object": "维拉帕米缓释片(药品化学名)", "relation": "instance_of", "subject": "维拉帕米缓释片"}
{"N": 2, "subject": "米诺地尔(药品化学名)", "relation": "instance_of", "object": "米诺地尔(药品化学名)"}
{"N": 2, "object": "缬沙坦(药品化学名)", "relation": "instance_of", "subject": "缬沙坦氨氯噻嗪片"}
{"N": 2, "subject": "A[RAS抑制剂](药品类别)", "relation": "instance_of", "object": "A[RAS抑制剂](药品类别)"}
{"N": 2, "object": "阿利沙坦酯(药品化学名)", "relation": "instance_of", "subject": "阿利沙坦酯片（0.24g)"}
{"N": 2, "object": "奥美沙坦(药品化学名)", "relation": "instance_of", "subject": "奥美沙坦酯氨氯噻嗪片（复傲坦20mg:12.5mg)"}
{"N": 2, "object": "年龄__>__40__岁", "relation": "instance_of", "subject": "年龄__83__岁"}
{"N": 2, "object": "心率__<__75__bpm", "relation": "instance_of", "subject": "心率__65__bpm"}
{"N": 2, "object": "培哚普利(药品化学名)", "relation": "instance_of", "subject": "雅施达"}
{"N": 2, "object": "缬沙坦(药品化学名)", "relation": "instance_of", "subject": "缬沙坦氨氯地平"}
{"N": 2, "object": "血肌酐__<__265__μmol/L", "relation": "instance_of", "subject": "血肌酐__76.3__μmol/L"}
{"N": 2, "object": "B[β受体阻滞剂](药品类别)", "relation": "instance_of", "subject": "博苏片&（富马酸比索洛尔片5mg）"}
{"N": 2, "object": "DBP__>=__110__mmHg", "relation": "instance_of", "subject": "诊室低压__112__mmHg"}
{"N": 2, "object": "心率__>=__75__bpm", "relation": "instance_of", "subject": "心率__76__bpm"}
{"N": 2, "object": "糖尿病(疾病)", "relation": "instance_of", "subject": "糖尿病"}
{"N": 2, "object": "血肌酐__<__265__μmol/L", "relation": "instance_of", "subject": "血肌酐__61.1__μmol/L"}
{"N": 2, "subject": "酚妥拉明(药品化学名)", "relation": "instance_of", "object": "酚妥拉明(药品化学名)"}
{"N": 2, "object": "年龄__>__40__岁", "relation": "instance_of", "subject": "年龄__60__岁"}
{"N": 2, "object": "血肌酐__<__265__μmol/L", "relation": "instance_of", "subject": "血肌酐__87.2__μmol/L"}
{"N": 2, "object": "血肌酐__<__265__μmol/L", "relation": "instance_of", "subject": "血肌酐__131.5__μmol/L"}
{"N": 2, "object": "DBP__>=__110__mmHg", "relation": "instance_of", "subject": "诊室低压__113__mmHg"}
{"N": 2, "object": "GFR__>__30__ml/min*1.73/m/m", "relation": "instance_of", "subject": "GFR__84.99__ml/min*1.73/m/m"}
{"N": 2, "object": "年龄__>__40__岁", "relation": "instance_of", "subject": "年龄__71__岁"}
{"N": 2, "object": "乐卡地平(药品化学名)", "relation": "instance_of", "subject": "盐酸乐卡地平(10mg 再宁平片)"}
{"N": 2, "subject": "福辛普利(药品化学名)", "relation": "instance_of", "object": "福辛普利(药品化学名)"}
{"N": 2, "object": "SBP__>__160__mmHg", "relation": "instance_of", "subject": "诊室高压__173__mmHg"}
{"N": 2, "object": "年龄__>__40__岁", "relation": "instance_of", "subject": "年龄__41__岁"}
{"N": 2, "object": "GFR__>__30__ml/min*1.73/m/m", "relation": "instance_of", "subject": "GFR__71.41__ml/min*1.73/m/m"}
{"N": 2, "object": "GFR__>__30__ml/min*1.73/m/m", "relation": "instance_of", "subject": "GFR__90.68__ml/min*1.73/m/m"}
{"N": 2, "object": "心脏疾病(疾病)", "relation": "instance_of", "subject": "冠状动脉肌桥"}
{"N": 2, "subject": "哌唑嗪(药品化学名)", "relation": "instance_of", "object": "哌唑嗪(药品化学名)"}
{"N": 2, "object": "心率__>=__75__bpm", "relation": "instance_of", "subject": "心率__80__bpm"}
{"N": 2, "object": "GFR__>__30__ml/min*1.73/m/m", "relation": "instance_of", "subject": "GFR__86.92__ml/min*1.73/m/m"}
{"N": 2, "subject": "咪哒普利(药品化学名)", "relation": "instance_of", "object": "咪哒普利(药品化学名)"}
{"N": 2, "object": "年龄__>__40__岁", "relation": "instance_of", "subject": "年龄__70__岁"}
{"N": 2, "object": "DBP__>=__110__mmHg", "relation": "instance_of", "subject": "诊室低压__120__mmHg"}
{"N": 2, "object": "螺内酯(药品化学名)", "relation": "instance_of", "subject": "螺内酯片（安体舒通20mg）"}
{"N": 2, "object": "DBP__>=__120__mmHg", "relation": "instance_of", "subject": "诊室低压__127__mmHg"}
{"N": 2, "object": "雷米普利(药品化学名)", "relation": "instance_of", "subject": "雷米普利"}
{"N": 2, "object": "利血平(药品化学名)", "relation": "instance_of", "subject": "北京降压灵"}
{"N": 2, "object": "GFR__>__30__ml/min*1.73/m/m", "relation": "instance_of", "subject": "GFR__116.27__ml/min*1.73/m/m"}
{"N": 2, "object": "左心室肥厚(症状)", "relation": "instance_of", "subject": "左心室肥厚"}
{"N": 2, "object": "奥美沙坦(药品化学名)", "relation": "instance_of", "subject": "奥美沙坦"}
{"N": 2, "object": "心率__<__75__bpm", "relation": "instance_of", "subject": "心率__71__bpm"}
{"N": 2, "object": "血肌酐__<__265__μmol/L", "relation": "instance_of", "subject": "血肌酐__50.4__μmol/L"}
{"N": 2, "object": "年龄__>__40__岁", "relation": "instance_of", "subject": "年龄__61__岁"}
{"N": 2, "object": "年龄__>__40__岁", "relation": "instance_of", "subject": "年龄__80__岁"}
{"N": 2, "object": "年龄__>__40__岁", "relation": "instance_of", "subject": "年龄__62__岁"}
{"N": 2, "object": "出血性脑卒中(疾病)", "relation": "instance_of", "subject": "出血性脑卒中"}
{"N": 2, "object": "氢氯噻嗪(药品化学名)", "relation": "instance_of", "subject": "坎地沙坦氢氯噻嗪"}
{"N": 2, "object": "坎地沙坦酯(药品化学名)", "relation": "instance_of", "subject": "坎地沙坦氢氯噻嗪"}
{"N": 2, "object": "左旋氨氯地平(药品化学名)", "relation": "instance_of", "subject": "施慧达"}
{"N": 2, "object": "阿司匹林(药品化学名)", "relation": "instance_of", "subject": "阿司匹林"}
{"N": 2, "object": "血肌酐__<__265__μmol/L", "relation": "instance_of", "subject": "血肌酐__81__μmol/L"}
{"N": 2, "object": "氨氯地平(药品化学名)", "relation": "instance_of", "subject": "奥美沙坦酯氨氯地平片"}
{"N": 2, "object": "心率__>=__75__bpm", "relation": "instance_of", "subject": "心率__97__bpm"}
{"N": 2, "object": "阻塞性睡眠呼吸暂停综合征(疾病)", "relation": "instance_of", "subject": "睡眠呼吸暂停低通气综合征"}
{"N": 2, "object": "心率__>=__75__bpm", "relation": "instance_of", "subject": "心率__92__bpm"}
{"N": 2, "object": "氨氯地平(药品化学名)", "relation": "instance_of", "subject": "氨氯地平阿托伐他汀钙片（多达一5mg/10mg*7)"}
{"N": 2, "object": "GFR__>__30__ml/min*1.73/m/m", "relation": "instance_of", "subject": "GFR__92.54__ml/min*1.73/m/m"}
{"N": 2, "subject": "α受体阻滞剂(药品类型)", "relation": "instance_of", "object": "α受体阻滞剂(药品类型)"}
{"N": 2, "object": "奥美沙坦(药品化学名)", "relation": "instance_of", "subject": "奥美沙坦酯氨氯地平片（复傲坦20mg:12.5mg)"}
{"N": 2, "object": "肾脏疾病(疾病)", "relation": "instance_of", "subject": "肾上腺肿物（左侧）"}
{"N": 2, "object": "SBP__>=__180__mmHg", "relation": "instance_of", "subject": "诊室高压__198__mmHg"}
{"N": 2, "object": "氢氯噻嗪(药品化学名)", "relation": "instance_of", "subject": "XM复代文（缬沙坦氨氯噻嗪_80mg/12.5mg*7片）"}
{"N": 2, "object": "心率__>=__75__bpm", "relation": "instance_of", "subject": "心率__79__bpm"}
{"N": 2, "object": "血肌酐__<__265__μmol/L", "relation": "instance_of", "subject": "血肌酐__64.8__μmol/L"}
{"N": 2, "object": "年龄__>__40__岁", "relation": "instance_of", "subject": "年龄__44__岁"}
{"N": 2, "object": "贝尼地平(药品化学名)", "relation": "instance_of", "subject": "盐酸贝尼地平片（元治_8mg*7）"}
{"N": 2, "subject": "氨苯蝶啶(药品化学名)", "relation": "instance_of", "object": "氨苯蝶啶(药品化学名)"}
{"N": 2, "object": "比索洛尔(药品化学名)", "relation": "instance_of", "subject": "比索洛尔"}
{"N": 2, "object": "氨氯地平(药品化学名)", "relation": "instance_of", "subject": "缬沙坦氨氯地平"}
{"N": 2, "object": "DBP__>=__120__mmHg", "relation": "instance_of", "subject": "诊室低压__120__mmHg"}
{"N": 2, "subject": "巴尼地平(药品化学名)", "relation": "instance_of", "object": "巴尼地平(药品化学名)"}
{"N": 2, "object": "心率__<__75__bpm", "relation": "instance_of", "subject": "心率__74__bpm"}
{"N": 2, "object": "GFR__>__30__ml/min*1.73/m/m", "relation": "instance_of", "subject": "GFR__106.32__ml/min*1.73/m/m"}
{"N": 2, "object": "GFR__>__30__ml/min*1.73/m/m", "relation": "instance_of", "subject": "GFR__96.62__ml/min*1.73/m/m"}
{"N": 2, "object": "代谢综合征(疾病)", "relation": "instance_of", "subject": "甲状腺功能减退"}
{"N": 2, "subject": "D[利尿剂](药品类别)", "relation": "instance_of", "object": "D[利尿剂](药品类别)"}
{"N": 2, "object": "血肌酐__<__265__μmol/L", "relation": "instance_of", "subject": "血肌酐__51.2__μmol/L"}
{"N": 2, "object": "血肌酐__<__265__μmol/L", "relation": "instance_of", "subject": "血肌酐__73__μmol/L"}
{"N": 2, "object": "DBP__>=__110__mmHg", "relation": "instance_of", "subject": "诊室低压__127__mmHg"}
{"N": 2, "object": "心率__>=__75__bpm", "relation": "instance_of", "subject": "心率__95__bpm"}
{"N": 2, "object": "螺内酯(药品化学名)", "relation": "instance_of", "subject": "安体舒通"}
{"N": 2, "object": "培哚普利(药品化学名)", "relation": "instance_of", "subject": "培哚普利氨苯地平片（10mg:5mg）"}
{"N": 2, "object": "GFR__>__30__ml/min*1.73/m/m", "relation": "instance_of", "subject": "GFR__107.13__ml/min*1.73/m/m"}
{"N": 2, "object": "SBP__>=__180__mmHg", "relation": "instance_of", "subject": "诊室高压__182__mmHg"}
{"N": 2, "object": "血肌酐__<__265__μmol/L", "relation": "instance_of", "subject": "血肌酐__65.4__μmol/L"}
{"N": 2, "object": "氢氯噻嗪(药品化学名)", "relation": "instance_of", "subject": "奥美沙坦酯氨氯噻嗪片（复傲坦20mg:12.5mg)"}
{"N": 2, "object": "高血压中药(药品化学名)", "relation": "instance_of", "subject": "牛黄降压丸"}
{"N": 2, "subject": "艾司洛尔(药品化学名)", "relation": "instance_of", "object": "艾司洛尔(药品化学名)"}
{"N": 2, "object": "高尿酸血症(疾病)", "relation": "instance_of", "subject": "高尿酸血症"}
{"N": 2, "subject": "维拉帕米(药品化学名)", "relation": "instance_of", "object": "维拉帕米(药品化学名)"}
{"N": 2, "object": "氨氯地平(药品化学名)", "relation": "instance_of", "subject": "氨氯地平阿托伐他汀钙片（5mg/10mg*7)"}
{"N": 2, "object": "年龄__>__40__岁", "relation": "instance_of", "subject": "年龄__68__岁"}
{"N": 2, "subject": "地尔硫䓬胶囊(药品化学名)", "relation": "instance_of", "object": "地尔硫䓬胶囊(药品化学名)"}
{"N": 2, "object": "血肌酐__<__265__μmol/L", "relation": "instance_of", "subject": "血肌酐__76.7__μmol/L"}
{"N": 2, "object": "GFR__>__30__ml/min*1.73/m/m", "relation": "instance_of", "subject": "GFR__93.87__ml/min*1.73/m/m"}
{"N": 2, "object": "高血压(疾病)", "relation": "instance_of", "subject": "正常高值血压"}
{"N": 2, "object": "GFR__>__30__ml/min*1.73/m/m", "relation": "instance_of", "subject": "GFR__115.32__ml/min*1.73/m/m"}
{"N": 2, "object": "GFR__>__30__ml/min*1.73/m/m", "relation": "instance_of", "subject": "GFR__121.66__ml/min*1.73/m/m"}
{"N": 2, "object": "DBP__>=__110__mmHg", "relation": "instance_of", "subject": "诊室低压__123__mmHg"}
{"N": 2, "object": "培哚普利(药品化学名)", "relation": "instance_of", "subject": "培哚普利氨氯地平"}
{"N": 2, "object": "血肌酐__<__265__μmol/L", "relation": "instance_of", "subject": "血肌酐__64.3__μmol/L"}
{"N": 2, "object": "氨氯地平(药品化学名)", "relation": "instance_of", "subject": "贝纳普利氨氯地平"}
{"N": 2, "object": "血肌酐__<__265__μmol/L", "relation": "instance_of", "subject": "血肌酐__79__μmol/L"}
{"N": 2, "object": "贝纳普利(药品化学名)", "relation": "instance_of", "subject": "氨氯地平贝纳普利"}
{"N": 2, "object": "高血压(疾病)", "relation": "instance_of", "subject": "难治性高血压"}
{"N": 2, "object": "心率__>=__75__bpm", "relation": "instance_of", "subject": "心率__84__bpm"}
{"N": 2, "subject": "二氢吡啶类CCB(药品类型)", "relation": "instance_of", "object": "二氢吡啶类CCB(药品类型)"}
{"N": 2, "object": "阻塞性睡眠呼吸暂停综合征(疾病)", "relation": "instance_of", "subject": "阻塞性睡眠呼吸停止暂停通气综合征"}
{"N": 2, "object": "年龄__>__40__岁", "relation": "instance_of", "subject": "年龄__76__岁"}
{"N": 2, "object": "原发性高血压(疾病)", "relation": "instance_of", "subject": "原发性高血压"}
{"N": 2, "object": "血肌酐__<__265__μmol/L", "relation": "instance_of", "subject": "血肌酐__79.1__μmol/L"}
{"N": 2, "object": "SBP__>__160__mmHg", "relation": "instance_of", "subject": "诊室高压__172__mmHg"}
{"N": 2, "object": "GFR__>__30__ml/min*1.73/m/m", "relation": "instance_of", "subject": "GFR__110.38__ml/min*1.73/m/m"}
{"N": 2, "object": "奥美沙坦(药品化学名)", "relation": "instance_of", "subject": "奥美沙坦氨氯地平"}
{"N": 2, "object": "培哚普利(药品化学名)", "relation": "instance_of", "subject": "百普乐"}
{"N": 2, "object": "冠状动脉粥样硬化(疾病)", "relation": "instance_of", "subject": "动脉粥样斑块"}
{"N": 2, "object": "贝尼地平(药品化学名)", "relation": "instance_of", "subject": "盐酸贝尼地平"}
{"N": 2, "object": "血肌酐__<__265__μmol/L", "relation": "instance_of", "subject": "血肌酐__68.5__μmol/L"}
{"N": 2, "object": "血肌酐__<__265__μmol/L", "relation": "instance_of", "subject": "血肌酐__53.3__μmol/L"}
{"N": 2, "object": "血肌酐__<__265__μmol/L", "relation": "instance_of", "subject": "血肌酐__95.8__μmol/L"}
{"N": 2, "object": "年龄__>__40__岁", "relation": "instance_of", "subject": "年龄__66__岁"}
{"N": 2, "object": "血肌酐__<__265__μmol/L", "relation": "instance_of", "subject": "血肌酐__60__μmol/L"}
{"N": 2, "subject": "β受体阻滞剂(药品类型)", "relation": "instance_of", "object": "β受体阻滞剂(药品类型)"}
{"N": 2, "object": "氢氯噻嗪(药品化学名)", "relation": "instance_of", "subject": "奥美沙坦酯氢氯噻嗪片（复傲坦 20mg:12.5mg）"}
{"N": 2, "subject": "CCB[钙拮抗剂](药品类别)", "relation": "instance_of", "object": "CCB[钙拮抗剂](药品类别)"}
{"N": 2, "object": "SBP__>__160__mmHg", "relation": "instance_of", "subject": "诊室高压__168__mmHg"}
{"N": 2, "object": "血肌酐__<__265__μmol/L", "relation": "instance_of", "subject": "血肌酐__8.36__μmol/L"}
{"N": 2, "object": "心率__>=__75__bpm", "relation": "instance_of", "subject": "心率__86__bpm"}
{"N": 2, "object": "SBP__>__160__mmHg", "relation": "instance_of", "subject": "诊室高压__166__mmHg"}
{"N": 2, "object": "阻塞性睡眠呼吸暂停综合征(疾病)", "relation": "instance_of", "subject": "中枢性睡眠呼吸暂停低通气综合征"}
{"N": 2, "subject": "阿替洛尔(药品化学名)", "relation": "instance_of", "object": "阿替洛尔(药品化学名)"}
{"N": 2, "object": "替米沙坦(药品化学名)", "relation": "instance_of", "subject": "替米沙坦"}
{"N": 2, "object": "心率__>=__75__bpm", "relation": "instance_of", "subject": "心率__112__bpm"}
{"N": 2, "object": "氨氯地平(药品化学名)", "relation": "instance_of", "subject": "氨氯地平"}
{"N": 2, "object": "缬沙坦钠(药品化学名)", "relation": "instance_of", "subject": "沙库巴曲缬沙坦钠片100mg(49mg/51mg*14)"}
{"N": 2, "object": "多沙唑嗪(药品化学名)", "relation": "instance_of", "subject": "多沙唑嗪"}
{"N": 2, "object": "阿利沙坦酯(药品化学名)", "relation": "instance_of", "subject": "阿利沙坦"}
{"N": 2, "subject": "噻嗪类利尿剂(药品类型)", "relation": "instance_of", "object": "噻嗪类利尿剂(药品类型)"}
{"N": 2, "subject": "可乐定贴片(药品化学名)", "relation": "instance_of", "object": "可乐定贴片(药品化学名)"}
{"N": 2, "object": "心率__<__75__bpm", "relation": "instance_of", "subject": "心率__68__bpm"}
{"N": 2, "object": "透析尿毒症(疾病)", "relation": "instance_of", "subject": "透析尿毒症"}
{"N": 2, "object": "比索洛尔(药品化学名)", "relation": "instance_of", "subject": "康忻&(富马酸比索洛尔片5mg)"}
{"N": 2, "object": "贝尼地平(药品化学名)", "relation": "instance_of", "subject": "*盐酸贝尼地平片（元治_8mg*7）"}
{"N": 2, "object": "阿利沙坦酯(药品化学名)", "relation": "instance_of", "subject": "阿里沙坦酯片（0.24g）"}
{"N": 2, "object": "左旋氨氯地平(药品化学名)", "relation": "instance_of", "subject": "左旋氨氯地平"}
{"N": 2, "object": "氨氯噻嗪(药品化学名)", "relation": "instance_of", "subject": "缬沙坦氨氯噻嗪片"}
{"N": 2, "subject": "其他类别(药品类别)", "relation": "instance_of", "object": "其他类别(药品类别)"}
{"N": 2, "subject": "利血平(药品化学名)", "relation": "instance_of", "object": "利血平(药品化学名)"}
{"N": 2, "object": "GFR__>__30__ml/min*1.73/m/m", "relation": "instance_of", "subject": "GFR__99.27__ml/min*1.73/m/m"}
{"N": 2, "object": "培哚普利(药品化学名)", "relation": "instance_of", "subject": "开素达"}
{"N": 2, "object": "血肌酐__<__265__μmol/L", "relation": "instance_of", "subject": "血肌酐__68.7__μmol/L"}
{"N": 2, "object": "硝苯地平控释片(药品化学名)", "relation": "instance_of", "subject": "硝苯地平控释片"}
{"N": 2, "object": "拉西地平(药品化学名)", "relation": "instance_of", "subject": "司乐平片（拉西地平_4mg）"}
{"N": 2, "object": "GFR__>__30__ml/min*1.73/m/m", "relation": "instance_of", "subject": "GFR__85.39__ml/min*1.73/m/m"}
{"N": 2, "object": "肾脏疾病(疾病)", "relation": "instance_of", "subject": "肾脏肾血管疾病"}
{"N": 2, "object": "高血压(疾病)", "relation": "instance_of", "subject": "3级高血压"}
{"N": 2, "object": "GFR__>__30__ml/min*1.73/m/m", "relation": "instance_of", "subject": "GFR__108.7__ml/min*1.73/m/m"}
{"N": 2, "object": "GFR__>__30__ml/min*1.73/m/m", "relation": "instance_of", "subject": "GFR__96.48__ml/min*1.73/m/m"}
{"N": 2, "object": "缬沙坦(药品化学名)", "relation": "instance_of", "subject": "缬沙坦氨氯地平片（百奥80mg/12.5mg）"}
{"N": 2, "object": "GFR__>__30__ml/min*1.73/m/m", "relation": "instance_of", "subject": "GFR__121.6__ml/min*1.73/m/m"}
{"N": 2, "object": "非洛地平(药品化学名)", "relation": "instance_of", "subject": "非洛地平缓释片(II)"}
{"N": 2, "subject": "拉西地平(药品化学名)", "relation": "instance_of", "object": "拉西地平(药品化学名)"}
{"N": 2, "object": "心率__<__75__bpm", "relation": "instance_of", "subject": "心率__64__bpm"}
{"N": 2, "subject": "保钾利尿剂(药品类型)", "relation": "instance_of", "object": "保钾利尿剂(药品类型)"}
{"N": 2, "object": "缬沙坦(药品化学名)", "relation": "instance_of", "subject": "XM复代文（缬沙坦氨氯噻嗪_80mg/12.5mg*7片）"}
{"N": 2, "object": "SBP__>__160__mmHg", "relation": "instance_of", "subject": "诊室高压__170__mmHg"}
{"N": 2, "object": "年龄__>__40__岁", "relation": "instance_of", "subject": "年龄__67__岁"}
{"N": 2, "object": "SBP__>__160__mmHg", "relation": "instance_of", "subject": "诊室高压__178__mmHg"}
{"N": 2, "object": "美托洛尔平片(药品化学名)", "relation": "instance_of", "subject": "倍他乐克"}
{"N": 2, "object": "年龄__>__40__岁", "relation": "instance_of", "subject": "年龄__55__岁"}
{"N": 2, "object": "单纯收缩期高血压(疾病)", "relation": "instance_of", "subject": "单纯收缩期高血压"}
{"N": 2, "object": "拉贝洛尔(药品化学名)", "relation": "instance_of", "subject": "拉贝洛尔"}
{"N": 2, "object": "特拉唑嗪(药品化学名)", "relation": "instance_of", "subject": "特拉唑嗪"}
{"N": 2, "object": "高血压(疾病)", "relation": "instance_of", "subject": "高血压（原因待查）"}
{"N": 2, "object": "年龄__>__40__岁", "relation": "instance_of", "subject": "年龄__50__岁"}
{"N": 2, "object": "继发性高血压(疾病)", "relation": "instance_of", "subject": "继发性高血压"}
{"N": 2, "object": "硝苯地平缓释片(药品化学名)", "relation": "instance_of", "subject": "硝苯地平缓释片"}
{"N": 2, "object": "卡维地洛(药品化学名)", "relation": "instance_of", "subject": "卡维地洛片（海南12.5mg)"}
{"N": 2, "object": "贝纳普利(药品化学名)", "relation": "instance_of", "subject": "贝纳普利氨氯地平"}
{"N": 2, "object": "SBP__>=__180__mmHg", "relation": "instance_of", "subject": "诊室高压__186__mmHg"}
{"N": 2, "subject": "倍他洛尔(药品化学名)", "relation": "instance_of", "object": "倍他洛尔(药品化学名)"}
{"N": 2, "object": "厄贝沙坦(药品化学名)", "relation": "instance_of", "subject": "厄贝沙坦氨氯噻嗪片"}
{"N": 2, "object": "心率__>=__75__bpm", "relation": "instance_of", "subject": "心率__83__bpm"}
{"N": 2, "subject": "肼苯哒嗪(药品化学名)", "relation": "instance_of", "object": "肼苯哒嗪(药品化学名)"}
{"N": 2, "object": "缬沙坦(药品化学名)", "relation": "instance_of", "subject": "缬沙坦"}
{"N": 2, "subject": "襻利尿剂(药品类型)", "relation": "instance_of", "object": "襻利尿剂(药品类型)"}
{"N": 2, "object": "血肌酐__<__265__μmol/L", "relation": "instance_of", "subject": "血肌酐__100.3__μmol/L"}
{"N": 2, "object": "阿米洛利(药品化学名)", "relation": "instance_of", "subject": "武都力"}
{"N": 2, "object": "SBP__>__160__mmHg", "relation": "instance_of", "subject": "诊室高压__162__mmHg"}
{"N": 2, "object": "DBP__>=__110__mmHg", "relation": "instance_of", "subject": "诊室低压__117__mmHg"}
{"N": 2, "object": "心率__<__75__bpm", "relation": "instance_of", "subject": "心率__66__bpm"}
{"N": 2, "object": "DBP__>=__110__mmHg", "relation": "instance_of", "subject": "近期低压范围__110-120__mmHg"}
{"N": 2, "object": "冠状动脉粥样硬化(疾病)", "relation": "instance_of", "subject": "动脉硬化"}
{"N": 2, "object": "奥美沙坦(药品化学名)", "relation": "instance_of", "subject": "奥美沙坦氢氯噻嗪"}
{"N": 2, "object": "血肌酐__<__265__μmol/L", "relation": "instance_of", "subject": "血肌酐__104.8__μmol/L"}
{"N": 2, "subject": "肼屈嗪(药品化学名)", "relation": "instance_of", "object": "肼屈嗪(药品化学名)"}
{"N": 2, "object": "血肌酐__<__265__μmol/L", "relation": "instance_of", "subject": "血肌酐__84.2__μmol/L"}
{"N": 2, "object": "SBP__>=__180__mmHg", "relation": "instance_of", "subject": "诊室高压__185__mmHg"}
{"N": 2, "object": "血肌酐__<__265__μmol/L", "relation": "instance_of", "subject": "血肌酐__61__μmol/L"}
{"N": 2, "subject": "袢利尿剂(药品类型)", "relation": "instance_of", "object": "袢利尿剂(药品类型)"}
{"N": 2, "object": "门诊高血压(疾病)", "relation": "instance_of", "subject": "白大衣高血压"}
{"N": 2, "object": "血肌酐__<__265__μmol/L", "relation": "instance_of", "subject": "血肌酐__70__μmol/L"}
{"N": 2, "object": "阿司匹林(药品化学名)", "relation": "instance_of", "subject": "阿司匹林肠溶片（拜阿0.1g）"}
{"N": 2, "object": "心率__>=__75__bpm", "relation": "instance_of", "subject": "心率__104__bpm"}
{"N": 2, "object": "血肌酐__<__265__μmol/L", "relation": "instance_of", "subject": "血肌酐__44.5__μmol/L"}
{"N": 2, "object": "血肌酐__<__265__μmol/L", "relation": "instance_of", "subject": "血肌酐__75__μmol/L"}
{"N": 2, "object": "GFR__>__30__ml/min*1.73/m/m", "relation": "instance_of", "subject": "GFR__108.29__ml/min*1.73/m/m"}
{"N": 2, "object": "氯沙坦(药品化学名)", "relation": "instance_of", "subject": "氯沙坦钾氢氯噻嗪片"}
{"N": 2, "object": "DBP__>=__110__mmHg", "relation": "instance_of", "subject": "诊室低压__132__mmHg"}
{"N": 2, "object": "氨氯地平(药品化学名)", "relation": "instance_of", "subject": "氨氯地平阿托伐他汀钙片（5mg/20mg*7）"}
{"N": 2, "object": "血肌酐__<__265__μmol/L", "relation": "instance_of", "subject": "血肌酐__77.2__μmol/L"}
{"N": 2, "object": "SBP__>__160__mmHg", "relation": "instance_of", "subject": "近期高压范围__176__mmHg"}
{"N": 2, "object": "氢氯噻嗪(药品化学名)", "relation": "instance_of", "subject": "奥美沙坦氢氯噻嗪"}
{"N": 2, "object": "氨氯地平(药品化学名)", "relation": "instance_of", "subject": "络活喜"}
{"N": 2, "object": "氨氯地平(药品化学名)", "relation": "instance_of", "subject": "缬沙坦氨氯地平片（百奥80mg/12.5mg）"}
{"N": 2, "object": "年龄__>__40__岁", "relation": "instance_of", "subject": "年龄__79__岁"}
{"N": 2, "object": "DBP__>=__110__mmHg", "relation": "instance_of", "subject": "诊室低压__118__mmHg"}
{"N": 2, "object": "高脂血症(疾病)", "relation": "instance_of", "subject": "高脂血症"}
{"N": 2, "object": "继发性高血压(疾病)", "relation": "instance_of", "subject": "原发性醛固酮增多症性高血压"}
{"N": 2, "object": "SBP__>=__180__mmHg", "relation": "instance_of", "subject": "诊室高压__180__mmHg"}
{"N": 2, "object": "SBP__>__160__mmHg", "relation": "instance_of", "subject": "诊室高压__180__mmHg"}
{"N": 2, "object": "SBP__>__160__mmHg", "relation": "instance_of", "subject": "诊室高压__164__mmHg"}
{"N": 2, "object": "心率__>=__75__bpm", "relation": "instance_of", "subject": "心率__77__bpm"}
{"N": 2, "object": "缬沙坦(药品化学名)", "relation": "instance_of", "subject": "缬沙坦氢氯噻嗪"}
{"N": 2, "object": "培哚普利(药品化学名)", "relation": "instance_of", "subject": "培哚普利吲达帕胺"}
{"N": 2, "object": "GFR__>__30__ml/min*1.73/m/m", "relation": "instance_of", "subject": "GFR__97.91__ml/min*1.73/m/m"}
{"N": 2, "object": "奥美沙坦(药品化学名)", "relation": "instance_of", "subject": "奥美沙坦酯氨氯地平片（20mg:5mg)"}
