{
  "label_classification": {
    "female": [
      "初产妇", 
      "妊娠间隔>10年", 
      "多胎妊娠"
    ], 
    "historical": [
      "既往妊娠合并慢性肾病", 
      "既往妊娠合并自身免疫病", 
      "既往妊娠合并高血压", 
      "既往妊娠合并糖尿病", 
      "既往妊娠合并慢性高血压"
    ]
  }, 
  "order": {
    "pressure_order": [
      "SBP", 
      "DBP"
    ]
  }, 
  "数值型属性": {
    "BMI": [
      "kg/m/m"
    ], 
    "DBP": [
      "mmHg"
    ], 
    "GFR": [
      "ml/min*1.73/m/m"
    ], 
    "LVEF": [
      "%"
    ], 
    "SBP": [
      "mmHg"
    ], 
    "年龄": [
      "岁"
    ], 
    "心率": [
      "bpm"
    ], 
    "血肌酐": [
      "μmol/L", 
      "mg/dl"
    ]
  }, 
  "文本型属性": [
    "血肌酐基础升高>=30%", 
    "血管痉挛存在", 
    "围术期", 
    "既往妊娠合并慢性肾病", 
    "既往妊娠合并高血压", 
    "卒中后低血压", 
    "NYHA心功能IV级", 
    "既往妊娠合并自身免疫病", 
    "既往妊娠合并慢性高血压", 
    "心房颤动预防", 
    "先兆子痫家族史", 
    "妊娠间隔>10年", 
    "卒中后24h内", 
    "多胎妊娠", 
    "既往妊娠合并糖尿病", 
    "有残存肾功能", 
    "无残存肾功能", 
    "初产妇", 
    "NYHA心功能III级", 
    "血压控制不理想", 
    "NYHA心功能II级"
  ], 
  "疾病": [
    "血液透析(疾病)", 
    "非糖尿病肾病(疾病)", 
    "心肌梗死后(疾病)", 
    "脑出血(疾病)", 
    "高血压眼病(疾病)", 
    "缺血性脑卒中(疾病)", 
    "不稳定型心绞痛(疾病)", 
    "室上性快速心律失常(疾病)", 
    "高血压脑出血(疾病)", 
    "慢性HFrEF心力衰竭(疾病)", 
    "妊娠合并原发性高血压(疾病)", 
    "老年收缩期高血压(疾病)", 
    "颈动脉硬化(疾病)", 
    "周围血管病(疾病)", 
    "非ST段抬高急性冠脉综合征(疾病)", 
    "CKD(疾病)", 
    "视网膜脱离(疾病)", 
    "心功能不全(疾病)", 
    "腹膜透析(疾病)", 
    "透析尿毒症(疾病)", 
    "主动脉夹层(疾病)", 
    "慢性肾病4期(疾病)", 
    "冠状动脉粥样硬化性心脏病(疾病)", 
    "妊娠(疾病)", 
    "糖尿病(疾病)", 
    "静脉疾病(疾病)", 
    "动脉疾病(疾病)", 
    "慢性肾病3期(疾病)", 
    "代谢综合征(疾病)", 
    "慢性高血压并发子痫前期(疾病)", 
    "尿毒症(疾病)", 
    "冠心病(疾病)", 
    "稳定性心绞痛(疾病)", 
    "糖尿病肾病(疾病)", 
    "妊娠期高血压(疾病)", 
    "高尿酸血症(疾病)", 
    "非透析尿毒症(疾病)", 
    "先兆子痫(疾病)", 
    "不稳定性心绞痛(疾病)", 
    "子痫前期(疾病)", 
    "高龄老年高血压(疾病)", 
    "哮喘(疾病)", 
    "老年高血压(疾病)", 
    "稳定型冠心病(疾病)", 
    "肾衰竭(疾病)", 
    "黄斑病变(疾病)", 
    "视神经乳头水肿(疾病)", 
    "慢性肾病(疾病)", 
    "慢性肾病1期(疾病)", 
    "体位性低血压(疾病)", 
    "眼外伤(疾病)", 
    "高血压性心肌病(疾病)", 
    "高血压急症(疾病)", 
    "重度先兆子痫(疾病)", 
    "视网膜病变(疾病)", 
    "继发性高血压(疾病)", 
    "高血压性心脏病(疾病)", 
    "心绞痛(疾病)", 
    "双侧肾动脉狭窄(疾病)", 
    "高血压脑病(疾病)", 
    "肾血管性高血压(疾病)", 
    "慢性肾病2期(疾病)", 
    "慢性阻塞性肺病(疾病)", 
    "急性出血性脑卒中(疾病)", 
    "慢性高血压(疾病)", 
    "前列腺增生(疾病)", 
    "特殊人群高血压(疾病)", 
    "肾功能不全(疾病)", 
    "快速型心律失常(疾病)", 
    "二度至三度房室传导阻滞(疾病)", 
    "血脂异常(疾病)", 
    "快速性心律失常(疾病)", 
    "淋巴疾病(疾病)", 
    "急性缺血性脑卒中(疾病)", 
    "妊娠合并慢性高血压(疾病)", 
    "高血压(疾病)", 
    "ST段抬高型心肌梗死(疾病)", 
    "慢性肾病5期(疾病)", 
    "脑血管病(疾病)", 
    "左心室功能不全(疾病)", 
    "原发性高血压(疾病)", 
    "糖耐量减低(疾病)", 
    "稳定性冠心病(疾病)", 
    "出血性脑卒中(疾病)", 
    "急性冠脉综合征(疾病)", 
    "急性心力衰竭(疾病)", 
    "高脂血症(疾病)", 
    "肾实质性高血压(疾病)", 
    "心力衰竭(疾病)", 
    "子痫(疾病)", 
    "低血糖(疾病)", 
    "老年黄斑变性(疾病)", 
    "二度至三度心脏传导阻滞(疾病)", 
    "痛风(疾病)", 
    "稳定型心绞痛(疾病)", 
    "糖尿病性视网膜病变(疾病)", 
    "外周血管疾病(疾病)", 
    "慢性心力衰竭(疾病)", 
    "脑卒中(疾病)", 
    "冠状动脉粥样硬化(疾病)", 
    "非ST段抬高型心肌梗死(疾病)", 
    "短暂性脑缺血发作(疾病)", 
    "脑梗死(疾病)", 
    "单纯收缩期高血压(疾病)", 
    "慢性HFpEF心力衰竭(疾病)", 
    "高血钾(疾病)"
  ], 
  "症状": [
    "ACEI引起的咳嗽(症状)", 
    "左心室肥厚(症状)", 
    "前列腺肥大(症状)", 
    "微量白蛋白尿(症状)", 
    "蛋白尿(症状)"
  ], 
  "药品化学名": [
    "硝苯地平缓释片(药品化学名)", 
    "肼屈嗪(药品化学名)", 
    "卡维地洛(药品化学名)", 
    "拉西地平(药品化学名)", 
    "乌拉地尔(药品化学名)", 
    "阿司匹林(药品化学名)", 
    "赖诺普利(药品化学名)", 
    "尼卡地平(药品化学名)", 
    "普萘洛尔(药品化学名)", 
    "缬沙坦(药品化学名)", 
    "艾司洛尔(药品化学名)", 
    "吲哒帕胺缓释片(药品化学名)", 
    "硝苯地平(药品化学名)", 
    "尼群地平(药品化学名)", 
    "非洛地平(药品化学名)", 
    "阿罗洛尔(药品化学名)", 
    "阿利沙坦酯(药品化学名)", 
    "氨氯地平(药品化学名)", 
    "咪哒普利(药品化学名)", 
    "米诺地尔(药品化学名)", 
    "多沙唑嗪(药品化学名)", 
    "甲基多巴(药品化学名)", 
    "利血平(药品化学名)", 
    "马尼地平(药品化学名)", 
    "非洛地平缓释片(药品化学名)", 
    "贝那普利(药品化学名)", 
    "吲达帕胺(药品化学名)", 
    "可乐定贴片(药品化学名)", 
    "维拉帕米(药品化学名)", 
    "莫索尼定(药品化学名)", 
    "氯噻酮(药品化学名)", 
    "哌唑嗪(药品化学名)", 
    "维拉帕米缓释片(药品化学名)", 
    "比索洛尔(药品化学名)", 
    "坎地沙坦(药品化学名)", 
    "福辛普利(药品化学名)", 
    "巴尼地平(药品化学名)", 
    "可乐定(药品化学名)", 
    "地尔硫䓬胶囊(药品化学名)", 
    "依那普利(药品化学名)", 
    "西拉普利(药品化学名)", 
    "奥美沙坦(药品化学名)", 
    "美托洛尔缓释片(药品化学名)", 
    "阿米洛利(药品化学名)", 
    "硫酸镁(药品化学名)", 
    "西尼地平(药品化学名)", 
    "诺多泮(药品化学名)", 
    "地尔硫卓(药品化学名)", 
    "依普利酮(药品化学名)", 
    "地高辛(药品化学名)", 
    "贝尼地平(药品化学名)", 
    "培哚普利(药品化学名)", 
    "左旋氨氯地平(药品化学名)", 
    "美托洛尔(药品化学名)", 
    "硝酸甘油(药品化学名)", 
    "呋塞米(药品化学名)", 
    "氨苯蝶啶(药品化学名)", 
    "拉贝洛尔(药品化学名)", 
    "乐卡地平(药品化学名)", 
    "阿利吉仑(药品化学名)", 
    "硝苯地平控释片(药品化学名)", 
    "生理盐水(药品化学名)", 
    "厄贝沙坦(药品化学名)", 
    "酚妥拉明(药品化学名)", 
    "阿替洛尔(药品化学名)", 
    "肼苯哒嗪(药品化学名)", 
    "沙库巴曲缬沙坦(药品化学名)", 
    "特拉唑嗪(药品化学名)", 
    "氯沙坦(药品化学名)", 
    "氢氯噻嗪(药品化学名)", 
    "依那普利拉(药品化学名)", 
    "托拉塞米(药品化学名)", 
    "替米沙坦(药品化学名)", 
    "美托洛尔平片(药品化学名)", 
    "雷米普利(药品化学名)", 
    "螺内酯(药品化学名)", 
    "倍他洛尔(药品化学名)", 
    "卡托普利(药品化学名)", 
    "硝普钠(药品化学名)"
  ], 
  "药品类别": [
    "D[利尿剂](药品类别)", 
    "α受体阻滞剂(药品类别)", 
    "B[β受体阻滞剂](药品类别)", 
    "A[RAS抑制剂](药品类别)", 
    "CCB[钙拮抗剂](药品类别)", 
    "其他类别(药品类别)"
  ], 
  "药品类型": [
    "ARNI(药品类型)", 
    "袢利尿剂(药品类型)", 
    "ACEI(药品类型)", 
    "噻嗪类利尿剂(药品类型)", 
    "α-β受体阻滞剂(药品类型)", 
    "醛固酮受体拮抗剂(药品类型)", 
    "直接血管扩张药物(药品类型)", 
    "α受体阻滞剂(药品类型)", 
    "静脉降压药物(药品类型)", 
    "襻利尿剂(药品类型)", 
    "保钾利尿剂(药品类型)", 
    "其他类型(药品类型)", 
    "非二氢吡啶类CCB(药品类型)", 
    "肾素抑制剂(药品类型)", 
    "二氢吡啶类CCB(药品类型)", 
    "ARB(药品类型)", 
    "中枢作用药物(药品类型)", 
    "β受体阻滞剂(药品类型)"
  ]
}